timestamp,temperature_C,humidity_air_percent,light_lux,soil_humidity_percent,delta_soil_humidity_per_hour,soil_humidity_in_1h
2025-05-06 10:37:25.768890,23.646045019183543,48.46315108884518,391.35408882384513,75.0,0.6788413304201413,74.32115866957986
2025-05-06 10:52:25.768900,25.11627856547255,47.01063932752581,353.4747376168084,74.83028966739496,0.6788413304201413,74.15144833697482
2025-05-06 11:07:25.768903,24.632319125304843,51.84987510233053,361.6881357227596,74.66057933478993,0.6788413304201413,73.98173800436979
2025-05-06 11:22:25.768905,24.400227594443102,58.659777512549226,283.38736973194625,74.4908690021849,0.6788413304201413,73.81202767176475
2025-05-06 11:37:25.768907,23.491316581094942,54.01539096001555,314.06100712348217,74.32115866957986,0.6788413304201413,73.64231733915972
2025-05-06 11:52:25.768910,24.555091672903433,52.67709460942191,376.6123932933886,74.15144833697482,0.6788413304201413,73.47260700655468
2025-05-06 12:07:25.768912,23.814400979850365,55.22179398757804,358.6032233714776,73.98173800436979,0.6788413304201413,73.30289667394965
2025-05-06 12:22:25.768915,24.686708414888678,46.27146283570174,345.5838416394321,73.81202767176475,0.6788413304201413,73.13318634134461
2025-05-06 12:37:25.768918,23.254601962323033,57.473528268875164,366.9452707580037,73.64231733915972,0.6788413304201413,72.96347600873958
2025-05-06 12:52:25.768920,23.726146538430687,56.91717515701822,399.07393418407446,73.47260700655468,0.6788413304201413,72.79376567613454
2025-05-06 13:07:25.768923,22.51506331117198,52.953457629521395,343.3687260938885,73.30289667394965,0.6788413304201413,72.6240553435295
2025-05-06 13:22:25.768926,23.947488584990648,60.02962255898208,352.08109407974206,73.13318634134461,0.6788413304201413,72.45434501092447
2025-05-06 13:37:25.768928,22.783498704556735,49.36251950523481,355.7779075619392,72.96347600873958,0.6788413304201413,72.28463467831943
2025-05-06 13:52:25.768930,22.32893032475701,60.63954496626785,421.7632890582198,72.79376567613454,0.6788413304201413,72.1149243457144
2025-05-06 14:07:25.768932,24.38799172178308,55.772468327976256,287.0193120674292,72.6240553435295,0.6788413304201413,71.94521401310936
2025-05-06 14:22:25.768934,24.31910966378649,53.31723705060913,370.49669044366425,72.45434501092447,0.6788413304201413,71.77550368050433
2025-05-06 14:37:25.768936,25.17431060242286,54.90063182315844,346.5559325372281,72.28463467831943,0.6788413304201413,71.6057933478993
2025-05-06 14:52:25.768938,23.35331164563735,54.46367617094529,367.0031517855254,72.1149243457144,0.6788413304201413,71.43608301529426
2025-05-06 15:07:25.768940,24.612079270255133,61.101414482088586,330.27882338015826,71.94521401310936,0.6788413304201413,71.26637268268922
2025-05-06 15:22:25.768959,24.826196358410495,49.616604362644935,348.5310490742465,71.77550368050433,0.6788413304201413,71.09666235008419
2025-05-06 15:37:25.768963,24.667160711747393,51.18740380426701,371.3423173839649,71.6057933478993,0.6788413304201413,70.92695201747915
2025-05-06 15:52:25.768966,22.76151947579679,60.1815144603624,443.38730603131523,71.43608301529426,0.6788413304201413,70.75724168487412
2025-05-06 16:07:25.768969,24.224045223406783,52.022325324080704,374.24108568206213,71.26637268268922,0.6788413304201413,70.58753135226908
2025-05-06 16:22:25.768973,24.546210444081993,59.50266538665796,324.5580320590847,71.09666235008419,0.6788413304201413,70.41782101966405
2025-05-06 16:37:25.768976,24.010767700361914,63.497179915043546,337.2872095393189,70.92695201747915,0.6788413304201413,70.24811068705901
2025-05-06 16:52:25.768980,20.870283512443372,52.991024865291834,336.39757674848437,70.75724168487412,0.6788413304201413,70.07840035445398
2025-05-06 17:07:25.768984,24.24073443596022,58.406811632876526,296.1307048210995,70.58753135226908,0.6788413304201413,69.90869002184894
2025-05-06 17:22:25.768987,27.318796559095862,49.231538593300705,340.09729424895687,70.41782101966405,0.6788413304201413,69.7389796892439
2025-05-06 17:37:25.768990,23.459941096864526,58.773666490339046,371.98487245465236,70.24811068705901,0.6788413304201413,69.56926935663887
2025-05-06 17:52:25.768993,22.907884353217018,55.99711992993384,311.7730364276961,70.07840035445398,0.6788413304201413,69.39955902403383
2025-05-06 18:07:25.768997,24.560022839567097,57.365191410801074,381.4544795315178,69.90869002184894,0.6788413304201413,69.2298486914288
2025-05-06 18:22:25.769000,24.468567315699858,51.772139639823024,364.63324463253014,69.7389796892439,0.6788413304201413,69.06013835882376
2025-05-06 18:37:25.769004,25.78910274812462,46.69458292216414,327.97300034086885,69.56926935663887,0.6788413304201413,68.89042802621873
2025-05-06 18:52:25.769008,22.11319776613667,57.516260323747524,345.7541108798646,69.39955902403383,0.6788413304201413,68.7207176936137
2025-05-06 19:07:25.769011,25.09707037886249,44.682984237602724,397.949654229231,69.2298486914288,0.6788413304201413,68.55100736100866
2025-05-06 19:22:25.769015,24.885633091877196,53.413247538787324,372.006434405176,69.06013835882376,0.6788413304201413,68.38129702840362
2025-05-06 19:37:25.769019,23.78678019458918,59.70590933209985,350.26350964694444,68.89042802621873,0.6788413304201413,68.21158669579859
2025-05-06 19:52:25.769022,24.508030976882534,55.95948867936518,342.86950049117047,68.7207176936137,0.6788413304201413,68.04187636319355
2025-05-06 20:07:25.769024,25.544186222397535,64.74171322394906,352.2982721135498,68.55100736100866,0.6788413304201413,67.87216603058852
2025-05-06 20:22:25.769026,25.308473070042677,60.12554576290887,334.6470932617309,68.38129702840362,0.6788413304201413,67.70245569798348
2025-05-06 20:37:25.769028,22.285471031889408,51.730508058372116,286.85751482842954,68.21158669579859,0.6788413304201413,67.53274536537845
2025-05-06 20:52:25.769030,25.230237280133228,55.13656689925719,411.26533731604195,68.04187636319355,0.6788413304201413,67.36303503277341
2025-05-06 21:07:25.769032,23.902967092451224,54.76314648727782,354.65974997598204,67.87216603058852,0.6788413304201413,67.19332470016838
2025-05-06 21:22:25.769034,24.109311147023273,47.08911618326936,361.9444179536761,67.70245569798348,0.6788413304201413,67.02361436756334
2025-05-06 21:37:25.769036,24.10979548650254,50.29800541757823,348.2627675036927,67.53274536537845,0.6788413304201413,66.8539040349583
2025-05-06 21:52:25.769038,23.77463551680261,52.1961954651007,327.94649597826236,67.36303503277341,0.6788413304201413,66.68419370235327
2025-05-06 22:07:25.769042,25.787561245660598,44.81889748572031,344.42226557153685,67.19332470016838,0.6788413304201413,66.51448336974823
2025-05-06 22:22:25.769046,23.87442306022618,55.23746734125822,302.0181571341707,67.02361436756334,0.6788413304201413,66.3447730371432
2025-05-06 22:37:25.769049,22.320680807425248,53.754640776734796,418.3125949415991,66.8539040349583,0.6788413304201413,66.17506270453816
2025-05-06 22:52:25.769053,23.409705216045406,46.63553049344213,312.9646400473281,66.68419370235327,0.6788413304201413,66.00535237193313
2025-05-06 23:07:25.769057,24.268042075215714,57.02106432638666,319.0410114845846,66.51448336974823,0.6788413304201413,65.83564203932809
2025-05-06 23:22:25.769060,25.843822176445578,58.5793637234548,336.792223868408,66.3447730371432,0.6788413304201413,65.66593170672306
2025-05-06 23:37:25.769064,24.90464202742325,56.13517239432444,388.64227174557135,66.17506270453816,0.6788413304201413,65.49622137411802
2025-05-06 23:52:25.769068,22.724197081879435,53.37965912395515,350.4352699778796,66.00535237193313,0.6788413304201413,65.32651104151299
2025-05-07 00:07:25.769072,27.727784875018337,57.957210758759274,312.9159261190861,65.83564203932809,0.6788413304201413,65.15680070890795
2025-05-07 00:22:25.769075,24.39716296646697,58.40110180238346,387.63015082272017,65.66593170672306,0.6788413304201413,64.98709037630292
2025-05-07 00:37:25.769077,25.913086106998524,56.537017848598445,371.93001880356445,65.49622137411802,0.6788413304201413,64.81738004369788
2025-05-07 00:52:25.769079,23.772428349634158,50.876938747826195,366.1530487164936,65.32651104151299,0.6788413304201413,64.64766971109285
2025-05-07 01:07:25.769081,24.800038867058174,56.3830038275559,371.4720272351252,65.15680070890795,0.6788413304201413,64.47795937848781
2025-05-07 01:22:25.769083,25.259202756777608,60.977403254127395,421.83085701747353,64.98709037630292,0.6788413304201413,64.30824904588277
2025-05-07 01:37:25.769085,25.827292067631383,52.01685470694135,415.55284685108336,64.81738004369788,0.6788413304201413,64.13853871327774
2025-05-07 01:52:25.769087,25.586052458067336,65.48969669566216,329.3985397099011,64.64766971109285,0.6788413304201342,63.96882838067271
2025-05-07 02:07:25.769089,25.308295500109466,52.37184533007308,398.7165497843346,64.47795937848781,0.6788413304201271,63.79911804806768
2025-05-07 02:22:25.769091,23.527369903208836,55.16203506670068,361.495045692767,64.30824904588277,0.67884133042012,63.629407715462655
2025-05-07 02:37:25.769093,23.14238093706591,51.63757201996832,364.9728744841325,64.13853871327774,0.6788413304201129,63.45969738285763
2025-05-07 02:52:25.769095,24.498911265486296,56.1163541796013,299.2318750507001,63.96882838067271,0.6788413304201129,63.2899870502526
2025-05-07 03:07:25.769097,25.399692108511605,46.28889153682363,344.8884270383541,63.79911804806768,0.6788413304201129,63.12027671764757
2025-05-07 03:22:25.769099,23.66591894883509,52.269791005916396,325.61529228990304,63.629407715462655,0.6788413304201129,62.95056638504254
2025-05-07 03:37:25.769101,25.59775794857158,49.53939399825717,374.8417644467993,63.45969738285763,0.6788413304201129,62.780856052437514
2025-05-07 03:52:25.769103,26.17892511822927,55.676691739461454,382.13241501208415,63.2899870502526,0.6788413304201129,62.611145719832486
2025-05-07 04:07:25.769105,22.62551862138987,59.97223687754454,287.76540946951064,63.12027671764757,0.6788413304201129,62.44143538722746
2025-05-07 04:22:25.769107,22.74461894430558,58.230030935572756,349.3389540798719,62.95056638504254,0.6788413304201129,62.27172505462243
2025-05-07 04:37:25.769109,23.789437411641995,43.14170319570554,383.65584514382755,62.780856052437514,0.6788413304201129,62.1020147220174
2025-05-07 04:52:25.769111,24.461419002283794,65.2103482646394,344.3996311305967,62.611145719832486,0.6788413304201129,61.93230438941237
2025-05-07 05:07:25.769113,23.213149479349422,56.47639970310434,371.87190935007095,62.44143538722746,0.6788413304201129,61.762594056807345
2025-05-07 05:22:25.769115,26.028304018300716,51.117504297535,360.5349640288125,62.27172505462243,0.6788413304201129,61.592883724202316
2025-05-07 05:37:25.769117,24.63610029227768,55.7856395949547,360.2498069585788,62.1020147220174,0.6788413304201129,61.42317339159729
2025-05-07 05:52:25.769120,24.059170572361108,55.88094911251346,341.8605506579511,61.93230438941237,0.6788413304201129,61.25346305899226
2025-05-07 06:07:25.769122,21.84613571419721,51.66575641524218,313.5025758759287,61.762594056807345,0.6788413304201129,61.08375272638723
2025-05-07 06:22:25.769124,22.02627627535874,55.989583336710375,316.35409557724915,61.592883724202316,0.6788413304201129,60.9140423937822
2025-05-07 06:37:25.769126,24.42151387542271,51.962638561898466,371.2805754336595,61.42317339159729,0.6788413304201129,60.744332061177175
2025-05-07 06:52:25.769128,20.801106560767746,52.97819003654989,350.5837476655665,61.25346305899226,0.6788413304201129,60.57462172857215
2025-05-07 07:07:25.769130,25.518956114466107,51.568604321224576,345.84463266178324,61.08375272638723,0.6788413304201129,60.40491139596712
2025-05-07 07:22:25.769132,23.76276923344152,47.836643551301734,337.2832987303294,60.9140423937822,0.6788413304201129,60.23520106336209
2025-05-07 07:37:25.769134,28.864639454392098,55.72918235107692,340.84433463557747,60.744332061177175,0.6788413304201129,60.06549073075706
2025-05-07 07:52:25.769136,27.461874375924165,57.92649718258169,381.4073538346442,60.57462172857215,0.6788413304201129,59.895780398152034
2025-05-07 08:07:25.769138,23.727826396128727,57.57441798038186,339.9426775439592,60.40491139596712,0.6788413304201129,59.726070065547006
2025-05-07 08:22:25.769140,23.84049449620303,59.09962626317617,309.76805860095294,60.23520106336209,0.6788413304201129,59.55635973294198
2025-05-07 08:37:25.769142,25.493372271003043,56.62170105007434,372.30955326620517,60.06549073075706,0.6788413304201129,59.38664940033695
2025-05-07 08:52:25.769144,26.554758914877056,52.33637250891548,343.85370008405846,59.895780398152034,0.6788413304201129,59.21693906773192
2025-05-07 09:07:25.769147,21.542956413845975,59.198319322155946,350.9418759659833,59.726070065547006,0.6788413304201129,59.04722873512689
2025-05-07 09:22:25.769149,21.320436801967972,48.21241230079033,398.2273491919853,59.55635973294198,0.6788413304201129,58.877518402521865
2025-05-07 09:37:25.769152,23.06694779166843,50.4966430874376,349.3831832794848,59.38664940033695,0.6788413304201129,58.70780806991684
2025-05-07 09:52:25.769156,24.874106374760796,50.178999642883774,358.67551019356176,59.21693906773192,0.6861427604354304,58.53079630729649
2025-05-07 10:07:25.769160,24.745310385761396,60.400280295696554,314.6322952610502,59.04722873512689,0.693444190450748,58.353784544676145
2025-05-07 10:22:25.769164,25.604657182475776,59.713942570700375,343.4099164294712,58.877518402521865,0.7007456204660656,58.1767727820558
2025-05-07 10:37:25.769167,22.200453707452038,57.43652618522498,368.28578135625804,58.70780806991684,0.7080470504813832,57.999761019435454
2025-05-07 10:52:25.769171,20.525784205546685,60.359649326058985,303.33878798476275,58.53079630729649,0.7080470504813832,57.82274925681511
2025-05-07 11:07:25.769175,25.287021292953217,50.60358608794006,356.0253527934713,58.353784544676145,0.7080470504813832,57.64573749419476
2025-05-07 11:22:25.769178,22.75770559055215,56.7429755993049,353.02373217934417,58.1767727820558,0.7080470504813832,57.468725731574416
2025-05-07 11:37:25.769182,20.972268203417045,54.37412785808418,351.2386236676232,57.999761019435454,0.7080470504813832,57.29171396895407
2025-05-07 11:52:25.769185,24.21759561893907,59.23441051942457,381.11476695974727,57.82274925681511,0.7080470504813832,57.114702206333725
2025-05-07 12:07:25.769189,25.189763532328016,54.42387883723901,360.03315544545563,57.64573749419476,0.7080470504813832,56.93769044371338
2025-05-07 12:22:25.769192,23.816914301818084,53.07528555794959,394.3421569506933,57.468725731574416,0.7080470504813832,56.76067868109303
2025-05-07 12:37:25.769196,23.313227420726268,57.70454259280495,320.1923145321789,57.29171396895407,0.7080470504813832,56.58366691847269
2025-05-07 12:52:25.769200,23.76095665178114,59.380845835956166,354.07773701655043,57.114702206333725,0.7080470504813832,56.40665515585234
2025-05-07 13:07:25.769203,23.444125856398827,51.65827402576599,352.5340035916984,56.93769044371338,0.7080470504813832,56.229643393231996
2025-05-07 13:22:25.769207,21.97792933208975,54.69462164323812,317.9223651873476,56.76067868109303,0.7080470504813832,56.05263163061165
2025-05-07 13:37:25.769211,22.927978984514354,49.70779683179174,378.68885006274036,56.58366691847269,0.7080470504813832,55.875619867991304
2025-05-07 13:52:25.769215,24.781919857520723,42.5096949125353,419.7401991755845,56.40665515585234,0.7080470504813832,55.69860810537096
2025-05-07 14:07:25.769220,24.48251781206475,56.002298157068644,349.48981776548504,56.229643393231996,0.7080470504813832,55.52159634275061
2025-05-07 14:22:25.769224,24.25208970895023,58.04452678127316,365.150632648213,56.05263163061165,0.7080470504813832,55.34458458013027
2025-05-07 14:37:25.769226,22.50727727721993,56.31033404543363,352.5355542744598,55.875619867991304,0.7080470504813832,55.16757281750992
2025-05-07 14:52:25.769228,23.7277452567965,45.25219141122817,328.59245990278475,55.69860810537096,0.7080470504813832,54.990561054889575
2025-05-07 15:07:25.769230,20.734402430335717,53.245752849617624,295.3771916659395,55.52159634275061,0.7080470504813832,54.81354929226923
2025-05-07 15:22:25.769232,24.267714995828083,43.908261199744594,328.826795507139,55.34458458013027,0.7080470504813832,54.63653752964888
2025-05-07 15:37:25.769234,26.143286561720352,61.84850553827093,308.24124857144807,55.16757281750992,0.7080470504813832,54.45952576702854
2025-05-07 15:52:25.769237,21.78880180193684,49.56972708940957,401.12306234177356,54.990561054889575,0.7080470504813832,54.28251400440819
2025-05-07 16:07:25.769239,23.121108490023367,61.27701804729948,346.54670918230283,54.81354929226923,0.7080470504813832,54.105502241787846
2025-05-07 16:22:25.769241,24.493660168065194,59.729348218420725,339.62242012858485,54.63653752964888,0.7080470504813832,53.9284904791675
2025-05-07 16:37:25.769243,25.879263951641224,50.49704823731969,376.67461474363415,54.45952576702854,0.7080470504813832,53.751478716547155
2025-05-07 16:52:25.769245,23.327663075549776,49.33607524366128,316.3474669143234,54.28251400440819,0.7080470504813832,53.57446695392681
2025-05-07 17:07:25.769247,22.961624506101156,56.75185108193169,326.9940788598634,54.105502241787846,0.7080470504813832,53.39745519130646
2025-05-07 17:22:25.769250,21.046615286375875,50.778379814084644,352.04216807745865,53.9284904791675,0.7080470504813832,53.22044342868612
2025-05-07 17:37:25.769252,24.15515719396216,55.512423210791034,380.8630697427044,53.751478716547155,0.7080470504813832,53.04343166606577
2025-05-07 17:52:25.769254,27.063114060215618,52.585862045965406,365.05055135506365,53.57446695392681,0.7080470504813832,52.866419903445426
2025-05-07 18:07:25.769256,24.416037692947015,46.09420792767183,357.4497542754765,53.39745519130646,0.7080470504813832,52.68940814082508
2025-05-07 18:22:25.769258,23.96658153122443,43.84765990437771,352.3435320570805,53.22044342868612,0.7080470504813832,52.512396378204734
2025-05-07 18:37:25.769261,24.483123466150477,56.133421242472984,362.00707566580326,53.04343166606577,0.7080470504813832,52.33538461558439
2025-05-07 18:52:25.769263,23.983361994077097,52.192211268346874,356.0495871538776,52.866419903445426,0.7080470504813832,52.15837285296404
2025-05-07 19:07:25.769266,22.780478441609805,52.23455091542934,319.10083175669195,52.68940814082508,0.7080470504813832,51.9813610903437
2025-05-07 19:22:25.769268,25.234919873516557,58.479319195468925,351.3823766489945,52.512396378204734,0.7080470504813832,51.80434932772335
2025-05-07 19:37:25.769270,24.338642284667632,60.86721138316222,317.78934023246745,52.33538461558439,0.7080470504813832,51.627337565103005
2025-05-07 19:52:25.769272,24.026419877900487,53.63727639319095,352.4324762870247,52.15837285296404,0.7080470504813832,51.45032580248266
2025-05-07 20:07:25.769274,22.536950959082624,53.29700646545069,335.58056175535273,51.9813610903437,0.7080470504813832,51.27331403986231
2025-05-07 20:22:25.769277,25.95526189790214,57.50071516556942,426.1814486834858,51.80434932772335,0.7080470504813832,51.09630227724197
2025-05-07 20:37:25.769279,24.997054117999664,48.21532215150212,348.80316848744866,51.627337565103005,0.7080470504813832,50.91929051462162
2025-05-07 20:52:25.769281,23.170618743949046,56.11576527373848,307.87281301215233,51.45032580248266,0.7080470504813832,50.742278752001276
2025-05-07 21:07:25.769284,25.502737280522904,57.75942985911077,345.97459367969225,51.27331403986231,0.7080470504813832,50.56526698938093
2025-05-07 21:22:25.769286,23.253643742422188,58.401151042088145,365.58076236913666,51.09630227724197,0.7080470504813832,50.388255226760585
2025-05-07 21:37:25.769287,22.826994761233443,45.31623648748767,400.2009183845757,50.91929051462162,0.7080470504813832,50.21124346414024
2025-05-07 21:52:25.769290,22.86044532377957,51.1932236509553,332.31642800183846,50.742278752001276,0.7080470504813832,50.03423170151989
2025-05-07 22:07:25.769292,21.343397170367865,50.608683735882664,302.5271607792908,50.56526698938093,0.7080470504813832,49.85721993889955
2025-05-07 22:22:25.769294,24.70731357062731,55.499434772046065,374.5051103429294,50.388255226760585,0.7080470504813832,49.6802081762792
2025-05-07 22:37:25.769296,21.253282682492475,57.403722898839916,308.58203882301046,50.21124346414024,0.7080470504813832,49.503196413658856
2025-05-07 22:52:25.769298,22.157334253101357,62.483552037229906,336.91533675477547,50.03423170151989,0.7080470504813832,49.32618465103851
2025-05-07 23:07:25.769300,20.8866179863822,52.525172598159635,342.27138543467015,49.85721993889955,0.7080470504813832,49.149172888418164
2025-05-07 23:22:25.769302,23.87089546081366,52.51213750845393,347.91099640099674,49.6802081762792,0.7080470504813832,48.97216112579782
2025-05-07 23:37:25.769304,23.774519309592193,60.74836009439373,370.6749337122301,49.503196413658856,0.7080470504813832,48.79514936317747
2025-05-07 23:52:25.769306,23.509955680220454,56.482884692651524,329.4909715314084,49.32618465103851,0.7080470504813832,48.61813760055713
2025-05-08 00:07:25.769308,22.436133457994135,61.33825755593987,341.7881224349972,49.149172888418164,0.7080470504813832,48.44112583793678
2025-05-08 00:22:25.769310,22.24164936984504,56.44364001504918,349.5718894115183,48.97216112579782,0.7080470504813832,48.264114075316435
2025-05-08 00:37:25.769312,24.696554795319862,49.21441690643365,354.48793872556365,48.79514936317747,0.7080470504813832,48.08710231269609
2025-05-08 00:52:25.769315,23.174172102437268,48.334358226110965,352.9348152412377,48.61813760055713,0.7080470504813832,47.91009055007574
2025-05-08 01:07:25.769317,24.474537482304218,47.242438754705354,363.08017325667737,48.44112583793678,0.7080470504813832,47.7330787874554
2025-05-08 01:22:25.769319,22.672126970813665,58.31025917379237,375.3151852892521,48.264114075316435,0.7080470504813832,47.55606702483505
2025-05-08 01:37:25.769321,24.271594114156624,60.94298411543504,361.779023469529,48.08710231269609,0.7080470504813832,47.379055262214706
2025-05-08 01:52:25.769323,25.954917055974096,64.24681070693191,363.60756570527656,47.91009055007574,0.7080470504813832,47.20204349959436
2025-05-08 02:07:25.769325,24.879248700589176,59.2155266616162,302.5333049976057,47.7330787874554,0.7080470504813832,47.025031736974015
2025-05-08 02:22:25.769327,23.38137927267528,60.81419288767493,351.5068309749704,47.55606702483505,0.7080470504813832,46.84801997435367
2025-05-08 02:37:25.769329,24.38579845553389,52.09991833673158,364.38522644004826,47.379055262214706,0.7080470504813832,46.67100821173332
2025-05-08 02:52:25.769331,23.639002238204682,49.21792091628072,371.8682358371135,47.20204349959436,0.7080470504813832,46.49399644911298
2025-05-08 03:07:25.769333,24.01182027704209,59.250396662087766,329.2294767729862,47.025031736974015,0.7080470504813832,46.31698468649263
2025-05-08 03:22:25.769335,23.511583421777246,57.088403761197,330.22882175334064,46.84801997435367,0.7080470504813832,46.139972923872286
2025-05-08 03:37:25.769337,23.753497191171913,55.53722187170446,332.776979741492,46.67100821173332,0.7080470504813832,45.96296116125194
2025-05-08 03:52:25.769339,24.318140029611264,56.93685740316495,366.0924169967403,46.49399644911298,0.7080470504813832,45.785949398631594
2025-05-08 04:07:25.769341,22.509961950627073,56.61592741229103,381.0164316477263,46.31698468649263,0.7080470504813832,45.60893763601125
2025-05-08 04:22:25.769343,22.476181759515033,61.41908429926781,337.77619678125194,46.139972923872286,0.7080470504813832,45.4319258733909
2025-05-08 04:37:25.769345,21.917186169253185,61.47492792408478,377.23886940881147,45.96296116125194,0.7080470504813832,45.25491411077056
2025-05-08 04:52:25.769347,21.599593343244436,57.72110176170173,353.70439427493784,45.785949398631594,0.7080470504813832,45.07790234815021
2025-05-08 05:07:25.769349,22.17407596166928,59.22901436281464,346.2714266851269,45.60893763601125,0.7080470504813832,44.900890585529865
2025-05-08 05:22:25.769351,24.239193760206195,57.570312762123876,343.6584731054609,45.4319258733909,0.7080470504813832,44.72387882290952
2025-05-08 05:37:25.769353,22.660818726762173,52.6941513398269,372.39834093806473,45.25491411077056,0.7080470504813832,44.54686706028917
2025-05-08 05:52:25.769356,24.770421696346645,58.7828233745657,359.7673345036121,45.07790234815021,0.7080470504813832,44.36985529766883
2025-05-08 06:07:25.769358,24.05207062312884,48.027524655703694,418.2747628294291,44.900890585529865,0.7080470504813832,44.19284353504848
2025-05-08 06:22:25.769360,21.04724367984292,60.269457761479416,324.4332607100803,44.72387882290952,0.7080470504813832,44.015831772428136
2025-05-08 06:37:25.769362,24.982463376332536,49.02738530116982,365.54305106089924,44.54686706028917,0.7080470504813832,43.83882000980779
2025-05-08 06:52:25.769365,25.216197968387565,56.429016433973665,334.1239697056546,44.36985529766883,0.7080470504813832,43.661808247187444
2025-05-08 07:07:25.769367,22.50920598774772,50.77423020786921,323.92139039034066,44.19284353504848,0.7080470504813832,43.4847964845671
2025-05-08 07:22:25.769369,24.63028731434249,57.766944915372136,349.6739858889508,44.015831772428136,0.7080470504813832,43.30778472194675
2025-05-08 07:37:25.769371,22.715252643886203,54.830373870360454,354.1205743822111,43.83882000980779,0.7080470504813832,43.13077295932641
2025-05-08 07:52:25.769373,24.146505565122503,47.026220209183336,437.5452066518028,43.661808247187444,0.7080470504813832,42.95376119670606
2025-05-08 08:07:25.769375,22.10325238956755,57.103498155092396,344.47562552950393,43.4847964845671,0.7080470504813832,42.776749434085716
2025-05-08 08:22:25.769377,21.310340321198133,52.110396115836444,316.0946381154595,43.30778472194675,0.7080470504813832,42.59973767146537
2025-05-08 08:37:25.769379,23.425774215580546,59.405733604066846,358.1903215248316,43.13077295932641,0.7080470504813832,42.422725908845024
2025-05-08 08:52:25.769381,23.814406580587747,55.006628443672035,287.76079887360896,42.95376119670606,0.7080470504813832,42.24571414622468
2025-05-08 09:07:25.769383,23.403480459578095,56.97710492694019,347.241296521872,42.776749434085716,0.7080470504813832,42.06870238360433
2025-05-08 09:22:25.769385,22.22395416266616,50.21215522492394,350.4807584688548,42.59973767146537,0.7080470504813832,41.89169062098399
2025-05-08 09:37:25.769389,23.400151406803296,52.05333884286319,373.83801148835636,42.422725908845024,0.7080470504813832,41.71467885836364
2025-05-08 09:52:25.769393,24.4039421288711,52.706806819494574,379.2086674828354,42.24571414622468,0.7092771438001293,41.53643700242455
2025-05-08 10:07:25.769397,23.932660454816194,59.283512401212775,334.89291143276847,42.06870238360433,0.7105072371188754,41.35819514648546
2025-05-08 10:22:25.769401,24.27375154589882,63.386885439027445,345.481579561102,41.89169062098399,0.7117373304376216,41.179953290546365
2025-05-08 10:37:25.769405,22.99482719931865,50.97414124128562,327.0163750816799,41.71467885836364,0.7129674237563677,41.00171143460727
2025-05-08 10:52:25.769409,25.75757687207424,60.3842407232884,316.1581233557692,41.53643700242455,0.7129674237563677,40.82346957866818
2025-05-08 11:07:25.769411,22.23573999516783,44.15161291137149,359.296843381419,41.35819514648546,0.7129674237563677,40.64522772272909
2025-05-08 11:22:25.769413,24.731340445630078,49.02905299453855,311.792433542102,41.179953290546365,0.7129674237563677,40.46698586679
2025-05-08 11:37:25.769415,25.77283663943994,50.206107719066125,337.5611929828441,41.00171143460727,0.7129674237563677,40.288744010850905
2025-05-08 11:52:25.769418,24.721362139123343,48.23745655279639,320.1447812030229,40.82346957866818,0.7129674237563677,40.11050215491181
2025-05-08 12:07:25.769420,23.696213659402755,47.0820580510621,366.4904955887078,40.64522772272909,-34.35477227727091,75.0
2025-05-08 12:22:25.769422,23.20755443000553,57.06499456068899,404.04290297799463,40.46698586679,-34.35477227727091,74.82175814406091
2025-05-08 12:37:25.769426,25.554131476569385,53.92966151136069,310.95236051590007,40.288744010850905,-34.35477227727091,74.64351628812182
2025-05-08 12:52:25.769430,21.86553761210749,56.89702698802555,294.4094455130729,40.11050215491181,-34.35477227727091,74.46527443218272
2025-05-08 13:07:25.769434,22.544813609430534,58.45236343060756,346.253393439498,75.0,0.7129674237563677,74.28703257624363
2025-05-08 13:22:25.769437,23.403663351762418,56.328084965862665,350.47093387873275,74.82175814406091,0.7129674237563677,74.10879072030454
2025-05-08 13:37:25.769441,25.856480636267996,58.28881588075187,356.5597792027189,74.64351628812182,0.7129674237563677,73.93054886436545
2025-05-08 13:52:25.769444,24.569651454061344,54.65233856878865,336.61038454296965,74.46527443218272,0.7129674237563677,73.75230700842636
2025-05-08 14:07:25.769448,22.547931362234632,49.06503305847128,343.98082103523706,74.28703257624363,0.7129674237563677,73.57406515248726
2025-05-08 14:22:25.769452,23.534538441922646,60.28907090410398,361.02531231621805,74.10879072030454,0.7129674237563677,73.39582329654817
2025-05-08 14:37:25.769455,23.07851528385556,52.05443933609436,381.21292677934514,73.93054886436545,0.7129674237563677,73.21758144060908
2025-05-08 14:52:25.769459,22.9353165116497,50.322018506187874,291.3485368904515,73.75230700842636,0.7129674237563677,73.03933958466999
2025-05-08 15:07:25.769463,25.46833433783517,54.11041062097801,338.9318168290561,73.57406515248726,0.7129674237563677,72.8610977287309
2025-05-08 15:22:25.769466,21.94238530610474,50.43594540351744,356.4142638182319,73.39582329654817,0.7129674237563677,72.6828558727918
2025-05-08 15:37:25.769470,26.41317128360156,52.91284809005284,322.4607168616779,73.21758144060908,0.7129674237563677,72.50461401685271
2025-05-08 15:52:25.769474,25.242344535276935,56.72026960781733,401.935088953019,73.03933958466999,0.7129674237563677,72.32637216091362
2025-05-08 16:07:25.769477,25.636292505905548,56.74170869623063,330.9377035931379,72.8610977287309,0.7129674237563677,72.14813030497453
2025-05-08 16:22:25.769481,23.305590731962113,50.51084966787185,348.7612193897815,72.6828558727918,0.7129674237563677,71.96988844903544
2025-05-08 16:37:25.769484,23.775088921381336,52.56147313525628,366.6806629052687,72.50461401685271,0.7129674237563677,71.79164659309635
2025-05-08 16:52:25.769488,21.850272278212934,60.37166502385122,332.2614563359432,72.32637216091362,0.7129674237563677,71.61340473715725
2025-05-08 17:07:25.769492,23.213006389399794,57.482000588669706,294.60280856586746,72.14813030497453,0.7129674237563677,71.43516288121816
2025-05-08 17:22:25.769496,24.740482271464728,65.37532519674271,337.140364192504,71.96988844903544,0.7129674237563677,71.25692102527907
2025-05-08 17:37:25.769500,25.944094592672094,60.90064086870764,380.8832166778112,71.79164659309635,0.7129674237563677,71.07867916933998
2025-05-08 17:52:25.769503,22.339264774796323,60.721465342799696,339.89314619644585,71.61340473715725,0.7129674237563677,70.90043731340089
2025-05-08 18:07:25.769504,23.451741094522102,48.06065724772099,324.60697095623067,71.43516288121816,0.7129674237563677,70.7221954574618
2025-05-08 18:22:25.769506,23.773051169651218,58.819301758167114,377.77016628508164,71.25692102527907,0.7129674237563677,70.5439536015227
2025-05-08 18:37:25.769508,21.906316196711273,54.73446599151545,340.0767531193084,71.07867916933998,0.7129674237563677,70.36571174558361
2025-05-08 18:52:25.769511,24.8870238626376,52.24509098230875,334.6951755904935,70.90043731340089,0.7129674237563677,70.18746988964452
2025-05-08 19:07:25.769513,22.914014502386088,55.84007670266264,354.4836826898993,70.7221954574618,0.7129674237563677,70.00922803370543
2025-05-08 19:22:25.769515,23.706914473234463,59.72605767305742,373.1225062885636,70.5439536015227,0.7129674237563677,69.83098617776633
2025-05-08 19:37:25.769517,23.322075942132184,57.50415795502106,421.45140595197637,70.36571174558361,0.7129674237563677,69.65274432182724
2025-05-08 19:52:25.769519,22.81599224142049,50.6076309932897,374.8170832297227,70.18746988964452,0.7129674237563677,69.47450246588815
2025-05-08 20:07:25.769521,23.989432521779168,58.7122945679631,384.79519899165035,70.00922803370543,0.7129674237563677,69.29626060994906
2025-05-08 20:22:25.769523,23.676585632147965,51.81206228962018,334.8210140303643,69.83098617776633,0.7129674237563677,69.11801875400997
2025-05-08 20:37:25.769525,23.442213176582,56.08341559482143,319.2239568209157,69.65274432182724,0.7129674237563677,68.93977689807087
2025-05-08 20:52:25.769527,22.907307567479485,53.48324966261433,351.86994048857366,69.47450246588815,0.7129674237563677,68.76153504213178
2025-05-08 21:07:25.769529,24.479287006174435,53.90566874132187,353.21509745778786,69.29626060994906,0.7129674237563677,68.58329318619269
2025-05-08 21:22:25.769531,26.48042590273843,58.83121487520255,317.6446177590621,69.11801875400997,0.7129674237563677,68.4050513302536
2025-05-08 21:37:25.769533,24.20983084925869,49.79903140092051,344.7411641028796,68.93977689807087,0.7129674237563677,68.2268094743145
2025-05-08 21:52:25.769535,25.494177322366692,64.72597537138466,361.97952805157394,68.76153504213178,0.7129674237563677,68.04856761837542
2025-05-08 22:07:25.769538,21.914667112269807,45.89456965352752,360.8118018505424,68.58329318619269,0.7129674237563677,67.87032576243632
2025-05-08 22:22:25.769540,24.236642158940654,52.01166158372571,365.1286356015282,68.4050513302536,0.7129674237563677,67.69208390649723
2025-05-08 22:37:25.769542,22.3539475215434,56.85105944970871,358.7289419041233,68.2268094743145,0.7129674237563677,67.51384205055814
2025-05-08 22:52:25.769543,21.784612608702147,57.92157083217655,334.78974022189834,68.04856761837542,0.7129674237563677,67.33560019461905
2025-05-08 23:07:25.769545,22.890942888811445,54.49762139714147,334.58298120053473,67.87032576243632,0.7129674237563677,67.15735833867996
2025-05-08 23:22:25.769548,25.78784900162036,54.71304648499229,314.0314580601837,67.69208390649723,0.7129674237563677,66.97911648274086
2025-05-08 23:37:25.769550,25.42502374300447,57.052750426638084,403.5432511755528,67.51384205055814,0.7129674237563677,66.80087462680177
2025-05-08 23:52:25.769552,24.364507083081598,53.8446526127116,350.4035109385788,67.33560019461905,0.7129674237563677,66.62263277086268
2025-05-09 00:07:25.769554,21.700949160165102,61.96590628967453,343.2544083261544,67.15735833867996,0.7129674237563677,66.44439091492359
2025-05-09 00:22:25.769556,23.705579022918094,59.19674557115801,322.13623755642624,66.97911648274086,0.7129674237563677,66.2661490589845
2025-05-09 00:37:25.769558,24.452550013352603,59.36412175502817,438.06973706983337,66.80087462680177,0.7129674237563677,66.0879072030454
2025-05-09 00:52:25.769560,24.263304344367896,50.16921638314791,317.80015903331315,66.62263277086268,0.7129674237563677,65.90966534710631
2025-05-09 01:07:25.769562,21.23430962477888,54.60305787797149,337.1345622318178,66.44439091492359,0.7129674237563677,65.73142349116722
2025-05-09 01:22:25.769564,22.664523227970193,53.49767025639648,362.4751050885818,66.2661490589845,0.7129674237563677,65.55318163522813
2025-05-09 01:37:25.769566,23.903883353776926,49.97199312155267,368.00638897232835,66.0879072030454,0.7129674237563677,65.37493977928904
2025-05-09 01:52:25.769568,24.804436364275784,56.800820919728835,378.73796165647053,65.90966534710631,0.7129674237563677,65.19669792334994
2025-05-09 02:07:25.769570,20.70580826835008,52.31177121110092,404.2282552330779,65.73142349116722,0.7129674237563677,65.01845606741085
2025-05-09 02:22:25.769573,23.756814036780213,58.27701914925119,365.1847296638214,65.55318163522813,0.7129674237563677,64.84021421147176
2025-05-09 02:37:25.769575,24.214573154818428,49.649042185528344,318.319076001,65.37493977928904,0.7129674237563677,64.66197235553267
2025-05-09 02:52:25.769577,25.27441798277432,63.5952030642091,342.29164624634655,65.19669792334994,0.7129674237563677,64.48373049959358
2025-05-09 03:07:25.769579,25.039286376356156,50.518336707039694,359.23497117541655,65.01845606741085,0.7129674237563677,64.30548864365448
2025-05-09 03:22:25.769581,24.873856978213208,56.09651168600218,412.0467812451747,64.84021421147176,0.7129674237563677,64.12724678771539
2025-05-09 03:37:25.769583,22.8000892399471,58.95929655194034,308.0658356472711,64.66197235553267,0.7129674237563677,63.9490049317763
2025-05-09 03:52:25.769586,21.13799679431504,52.146797848999434,386.0772951567568,64.48373049959358,0.7129674237563677,63.77076307583721
2025-05-09 04:07:25.769588,23.4104208644079,59.262343217164755,355.3974310863925,64.30548864365448,0.7129674237563677,63.59252121989812
2025-05-09 04:22:25.769590,25.50244773781284,48.85408201099792,375.13491605688444,64.12724678771539,0.7129674237563677,63.414279363959025
2025-05-09 04:37:25.769592,26.090181791286646,62.2605884959128,346.94015850092205,63.9490049317763,0.7129674237563677,63.23603750801993
2025-05-09 04:52:25.769594,25.065823653446678,55.07074632482879,324.7270210962102,63.77076307583721,0.7129674237563677,63.05779565208084
2025-05-09 05:07:25.769596,24.6440112342026,52.0179429601556,372.52618338203996,63.59252121989812,0.7129674237563677,62.87955379614175
2025-05-09 05:22:25.769598,24.56945947257895,53.50409113786283,369.6329308131686,63.414279363959025,0.7129674237563677,62.70131194020266
2025-05-09 05:37:25.769600,23.16582187985883,59.044596346963594,379.16170897219166,63.23603750801993,0.7129674237563677,62.523070084263566
2025-05-09 05:52:25.769602,23.80490955966957,52.07772354074781,349.60086093864095,63.05779565208084,0.7129674237563677,62.344828228324474
2025-05-09 06:07:25.769604,26.503604288739496,51.253211552886114,332.0053393004045,62.87955379614175,0.7129674237563677,62.16658637238538
2025-05-09 06:22:25.769606,22.586162991312186,53.89231701208131,303.2363901492848,62.70131194020266,0.7129674237563677,61.98834451644629
2025-05-09 06:37:25.769608,26.422168186064777,49.11518943615016,374.5811980441822,62.523070084263566,0.7129674237563677,61.8101026605072
2025-05-09 06:52:25.769611,23.51695776826191,64.10271953970908,362.71668447331956,62.344828228324474,0.7129674237563677,61.631860804568106
2025-05-09 07:07:25.769613,25.988148163642617,52.16802704392639,321.0265210140812,62.16658637238538,0.7129674237563677,61.453618948629014
2025-05-09 07:22:25.769615,21.889777485753694,59.158083930902016,333.8427898011013,61.98834451644629,0.7129674237563677,61.27537709268992
2025-05-09 07:37:25.769617,24.878856301746975,56.047350418238864,335.99723564145677,61.8101026605072,0.7129674237563677,61.09713523675083
2025-05-09 07:52:25.769619,22.894844796078566,50.077329747590156,305.5104670405275,61.631860804568106,0.7129674237563677,60.91889338081174
2025-05-09 08:07:25.769621,21.87709921211372,54.970226453936355,325.469528101846,61.453618948629014,0.7129674237563677,60.740651524872646
2025-05-09 08:22:25.769623,24.32780106361642,58.92001389655374,315.98508929580936,61.27537709268992,0.7129674237563677,60.562409668933554
2025-05-09 08:37:25.769625,25.514207682893954,54.058693324568466,337.6256296433619,61.09713523675083,0.7129674237563677,60.38416781299446
2025-05-09 08:52:25.769627,22.732587842109755,60.96556472925514,327.83907505011314,60.91889338081174,0.7129674237563677,60.20592595705537
2025-05-09 09:07:25.769629,21.7514760593124,60.10757696390932,301.18985237399755,60.740651524872646,0.7129674237563677,60.02768410111628
2025-05-09 09:22:25.769631,23.862232853497567,59.59457427329165,410.67770691708444,60.562409668933554,0.7129674237563677,59.84944224517719
2025-05-09 09:37:25.769633,23.86884700683423,52.701716138635014,387.5762219308769,60.38416781299446,0.7129674237563677,59.671200389238095
2025-05-09 09:52:25.769636,24.822479441331748,49.60078776109256,326.6294173544004,60.20592595705537,0.6443053697059398,59.56162058734943
2025-05-09 10:07:25.769640,25.424391857046732,51.93206197318603,358.1726418996083,60.02768410111628,0.5756433156555119,59.45204078546077
2025-05-09 10:22:25.769644,23.91087722809126,55.9812047033336,362.52395269463887,59.84944224517719,0.5069812616050839,59.3424609835721
2025-05-09 10:37:25.769647,26.783254972191394,57.72893356766178,385.7325756432043,59.671200389238095,0.43831920755465603,59.23288118168344
2025-05-09 10:52:25.769651,24.33635211680294,44.14214297619776,325.4418492001976,59.56162058734943,0.43831920755465603,59.123301379794775
2025-05-09 11:07:25.769655,23.48036024098965,54.959433991941246,382.76320351947277,59.45204078546077,0.43831920755465603,59.01372157790611
2025-05-09 11:22:25.769659,21.582648961345757,55.79044612661592,333.56284087379197,59.3424609835721,0.43831920755465603,58.90414177601745
2025-05-09 11:37:25.769663,23.60601071952575,53.61227871842224,309.9241278749416,59.23288118168344,0.43831920755465603,58.79456197412878
2025-05-09 11:52:25.769668,23.495419581883297,61.4563691950794,371.72409677943494,59.123301379794775,0.43831920755465603,58.68498217224012
2025-05-09 12:07:25.769670,25.440457194422205,57.10890037125436,388.72275272367284,59.01372157790611,0.43831920755465603,58.575402370351455
2025-05-09 12:22:25.769672,24.69372543610028,61.550959540404484,427.6372692059205,58.90414177601745,0.43831920755465603,58.46582256846279
2025-05-09 12:37:25.769674,22.230946317551073,53.92019739824884,314.0082420472936,58.79456197412878,0.43831920755465603,58.35624276657413
2025-05-09 12:52:25.769676,24.258381579616557,59.68738746253462,370.96759055242364,58.68498217224012,0.43831920755465603,58.24666296468546
2025-05-09 13:07:25.769678,25.00729675759358,63.17533197263759,337.705962686194,58.575402370351455,0.43831920755465603,58.1370831627968
2025-05-09 13:22:25.769680,26.292047039081748,61.55846724636331,373.5007613157209,58.46582256846279,0.43831920755465603,58.027503360908135
2025-05-09 13:37:25.769682,25.33125595112109,49.53929203285634,305.88531346306246,58.35624276657413,0.43831920755465603,57.91792355901947
2025-05-09 13:52:25.769684,25.141269981467218,53.73161961228809,312.1169067290431,58.24666296468546,0.43831920755465603,57.80834375713081
2025-05-09 14:07:25.769686,24.090128991922747,53.274176472751016,326.7237553050055,58.1370831627968,0.43831920755465603,57.69876395524214
2025-05-09 14:22:25.769688,24.582468008135173,57.446272675381636,352.36892137004253,58.027503360908135,0.43831920755465603,57.58918415335348
2025-05-09 14:37:25.769691,25.87425735105924,58.431767775072665,330.7675620038493,57.91792355901947,0.43831920755465603,57.479604351464815
2025-05-09 14:52:25.769693,22.000833903780524,50.80553662987132,369.7716303174026,57.80834375713081,0.43831920755465603,57.37002454957615
2025-05-09 15:07:25.769695,23.475841009174566,55.33919256958469,380.8068385477374,57.69876395524214,0.43831920755465603,57.26044474768749
2025-05-09 15:22:25.769697,22.84114687686564,44.90036333921932,367.98732623736066,57.58918415335348,0.43831920755465603,57.15086494579882
2025-05-09 15:37:25.769699,24.568729678089188,62.20972502900945,398.56362918982603,57.479604351464815,0.43831920755465603,57.04128514391016
2025-05-09 15:52:25.769702,25.84533326347618,52.43812879661653,362.4747988836603,57.37002454957615,0.43831920755465603,56.931705342021495
2025-05-09 16:07:25.769704,23.10453856991839,55.279319699222484,313.493098689795,57.26044474768749,0.43831920755465603,56.82212554013283
2025-05-09 16:22:25.769706,20.414543448795843,53.451751430059694,390.9012954061502,57.15086494579882,0.43831920755465603,56.71254573824417
2025-05-09 16:37:25.769709,23.381668882463295,60.73013787506707,331.8453129318201,57.04128514391016,0.43831920755465603,56.6029659363555
2025-05-09 16:52:25.769711,25.37021059802611,40.812467793013106,377.3125549905671,56.931705342021495,0.43831920755465603,56.49338613446684
2025-05-09 17:07:25.769713,24.806444854424818,54.916948288370456,397.2120264966532,56.82212554013283,0.43831920755465603,56.383806332578175
2025-05-09 17:22:25.769715,24.642279371715865,54.47090621251151,363.700640321912,56.71254573824417,0.43831920755465603,56.27422653068951
2025-05-09 17:37:25.769718,23.58001004718828,52.73181806204158,305.1152356050605,56.6029659363555,0.43831920755465603,56.16464672880085
2025-05-09 17:52:25.769720,22.08145389567032,63.63113272817816,322.45363500470626,56.49338613446684,0.43831920755465603,56.05506692691218
2025-05-09 18:07:25.769722,24.7729414824367,50.563352705721144,389.6823340065541,56.383806332578175,0.43831920755465603,55.94548712502352
2025-05-09 18:22:25.769724,22.748577284948063,58.85898088617831,344.9263194307155,56.27422653068951,0.43831920755465603,55.835907323134855
2025-05-09 18:37:25.769726,27.276145100070686,56.78126394353042,352.387206048265,56.16464672880085,0.43831920755465603,55.72632752124619
2025-05-09 18:52:25.769729,24.855760812531773,61.30759626267758,372.7647324849083,56.05506692691218,0.43831920755465603,55.61674771935753
2025-05-09 19:07:25.769731,23.129027546169073,51.66405457611247,370.8896858624097,55.94548712502352,0.43831920755465603,55.50716791746886
2025-05-09 19:22:25.769733,23.08292212891706,51.335155504381206,358.3639943715638,55.835907323134855,0.43831920755465603,55.3975881155802
2025-05-09 19:37:25.769735,23.86058369007962,60.48034953738699,343.739948863386,55.72632752124619,0.43831920755465603,55.288008313691535
2025-05-09 19:52:25.769737,23.640747116967376,57.12660654165055,340.61994662802925,55.61674771935753,0.43831920755465603,55.17842851180287
2025-05-09 20:07:25.769740,25.675250663294932,47.27531326661621,375.73696475874027,55.50716791746886,0.43831920755465603,55.06884870991421
2025-05-09 20:22:25.769742,24.27962425461607,52.303474927683645,366.6070859320338,55.3975881155802,0.43831920755465603,54.95926890802554
2025-05-09 20:37:25.769744,22.902552391637208,56.931913269240304,342.2809999814663,55.288008313691535,0.43831920755465603,54.84968910613688
2025-05-09 20:52:25.769746,26.835661027733675,59.18882110773295,382.46336938979425,55.17842851180287,0.43831920755465603,54.740109304248215
2025-05-09 21:07:25.769748,24.073962497280334,51.60384673403522,346.1289765461065,55.06884870991421,0.43831920755465603,54.63052950235955
2025-05-09 21:22:25.769750,25.153259513953344,40.428720050915295,324.4501347699682,54.95926890802554,0.43831920755465603,54.52094970047089
2025-05-09 21:37:25.769753,23.08766023883286,57.61611592868517,327.2308790328997,54.84968910613688,0.43831920755465603,54.41136989858222
2025-05-09 21:52:25.769755,24.544673441616784,48.89839655028012,320.63777491070704,54.740109304248215,0.43831920755465603,54.30179009669356
2025-05-09 22:07:25.769757,24.466664986714793,44.913306009387945,341.82769950188936,54.63052950235955,0.43831920755465603,54.192210294804894
2025-05-09 22:22:25.769759,21.165526061855772,40.83837037507929,387.0117283500858,54.52094970047089,0.43831920755465603,54.08263049291623
2025-05-09 22:37:25.769761,27.02291266569096,59.0699043009887,325.8471445690847,54.41136989858222,0.43831920755465603,53.97305069102757
2025-05-09 22:52:25.769764,25.935966691383822,55.643087252024834,355.6542728305431,54.30179009669356,0.43831920755465603,53.8634708891389
2025-05-09 23:07:25.769766,23.40420702578102,53.87171809643874,330.2993196311776,54.192210294804894,0.43831920755465603,53.75389108725024
2025-05-09 23:22:25.769768,22.346595389316217,61.94512181481381,342.19072876185686,54.08263049291623,0.43831920755465603,53.644311285361574
2025-05-09 23:37:25.769770,24.521342420705327,58.18662341511536,304.69876364044245,53.97305069102757,0.43831920755465603,53.53473148347291
2025-05-09 23:52:25.769772,24.130046549121595,63.08150021360959,343.38385312530386,53.8634708891389,0.43831920755465603,53.425151681584246
2025-05-10 00:07:25.769775,24.533503422844845,48.03632263916502,344.1888386058511,53.75389108725024,0.43831920755465603,53.31557187969558
2025-05-10 00:22:25.769777,24.287366094291134,54.827246880230184,366.20863832107085,53.644311285361574,0.43831920755465603,53.20599207780692
2025-05-10 00:37:25.769779,24.75936148395889,46.91643312525993,356.69842739766113,53.53473148347291,0.43831920755465603,53.096412275918254
2025-05-10 00:52:25.769781,26.17095854908771,53.853088340722664,314.04823625143865,53.425151681584246,0.43831920755465603,52.98683247402959
2025-05-10 01:07:25.769784,24.85215480769297,53.756920731166616,382.52594732130626,53.31557187969558,0.43831920755465603,52.877252672140926
2025-05-10 01:22:25.769786,22.425516751635087,58.133068186315356,356.30909120665984,53.20599207780692,0.43831920755465603,52.76767287025226
2025-05-10 01:37:25.769789,26.04384427906868,55.22781940570949,355.9518055153246,53.096412275918254,0.43831920755465603,52.6580930683636
2025-05-10 01:52:25.769791,26.46092184523243,58.11703569139958,349.72452939844584,52.98683247402959,0.43831920755465603,52.548513266474934
2025-05-10 02:07:25.769793,28.728085101768126,58.517200665694475,334.4672765833334,52.877252672140926,0.43831920755465603,52.43893346458627
2025-05-10 02:22:25.769795,22.314758950140604,65.77464338691571,356.5340701924618,52.76767287025226,0.43831920755465603,52.329353662697606
2025-05-10 02:37:25.769797,24.36432301972541,53.42351672356938,364.26765307785746,52.6580930683636,0.43831920755465603,52.21977386080894
2025-05-10 02:52:25.769802,20.87685194521652,50.294886496668106,297.5931292596334,52.548513266474934,0.43831920755465603,52.11019405892028
2025-05-10 03:07:25.769804,24.829723734568812,56.23041807658204,333.8371748796171,52.43893346458627,0.43831920755465603,52.000614257031614
2025-05-10 03:22:25.769806,23.177699552749843,50.98859986430228,342.3515908878923,52.329353662697606,0.43831920755465603,51.89103445514295
2025-05-10 03:37:25.769809,26.88516869223743,62.40980384218268,357.68511817082833,52.21977386080894,0.43831920755465603,51.781454653254286
2025-05-10 03:52:25.769811,22.838077544972126,53.583909805273834,385.7993301778138,52.11019405892028,0.43831920755465603,51.67187485136562
2025-05-10 04:07:25.769813,21.466225443049108,52.17211816063005,326.84777556209656,52.000614257031614,0.43831920755465603,51.56229504947696
2025-05-10 04:22:25.769815,23.29310438894622,52.64342139424441,335.0611445954647,51.89103445514295,0.43831920755465603,51.452715247588294
2025-05-10 04:37:25.769817,21.036768343174295,58.592087117358204,334.6239766806035,51.781454653254286,0.43831920755465603,51.34313544569963
2025-05-10 04:52:25.769819,25.126649181760964,54.21126508384258,325.95417229686376,51.67187485136562,0.43831920755465603,51.233555643810966
2025-05-10 05:07:25.769822,20.90237543061552,51.79166589934809,339.58440514663215,51.56229504947696,0.43831920755465603,51.1239758419223
2025-05-10 05:22:25.769824,24.04268637177474,63.32675958811765,373.12406659963915,51.452715247588294,0.43831920755465603,51.01439604003364
2025-05-10 05:37:25.769826,20.883282270215705,50.71915079669125,318.3849351390696,51.34313544569963,0.43831920755465603,50.904816238144974
2025-05-10 05:52:25.769828,23.519553293195038,55.17783037016497,362.8344318545871,51.233555643810966,0.43831920755465603,50.79523643625631
2025-05-10 06:07:25.769830,26.4650672337068,58.26153075805115,298.94293309944993,51.1239758419223,0.43831920755465603,50.685656634367646
2025-05-10 06:22:25.769833,24.54097183715369,46.84332444791463,333.15986010673384,51.01439604003364,0.43831920755465603,50.57607683247898
2025-05-10 06:37:25.769835,22.7047595925526,57.40130250702963,340.11532099346044,50.904816238144974,0.43831920755465603,50.46649703059032
2025-05-10 06:52:25.769837,23.953194766591373,49.72446162259775,400.24579018742196,50.79523643625631,0.43831920755465603,50.356917228701654
2025-05-10 07:07:25.769839,24.02702530806667,59.11391390417001,341.75593085741934,50.685656634367646,0.43831920755465603,50.24733742681299
2025-05-10 07:22:25.769841,24.70894551876511,50.18674494040512,283.9626957964724,50.57607683247898,0.43831920755465603,50.137757624924326
2025-05-10 07:37:25.769844,21.94971245507876,58.4638451592443,290.0333327941625,50.46649703059032,0.43831920755465603,50.02817782303566
2025-05-10 07:52:25.769846,24.888850910770994,60.529165331473564,351.02088759040043,50.356917228701654,0.43831920755465603,49.918598021147
2025-05-10 08:07:25.769848,19.943412552595838,59.30718262816403,368.41312567369727,50.24733742681299,0.43831920755465603,49.809018219258334
2025-05-10 08:22:25.769850,23.055173171454285,56.25658324119051,361.2636757288176,50.137757624924326,0.43831920755465603,49.69943841736967
2025-05-10 08:37:25.769852,23.26758923632268,53.8434952853515,355.0271031740297,50.02817782303566,0.43831920755465603,49.589858615481006
2025-05-10 08:52:25.769855,24.949990239106857,52.11790211832578,384.86778792517,49.918598021147,0.43831920755465603,49.48027881359234
2025-05-10 09:07:25.769857,24.033946279015304,62.35517345408552,333.81226337788604,49.809018219258334,0.43831920755465603,49.37069901170368
2025-05-10 09:22:25.769859,21.89165541921557,51.50252389916179,376.84731668080474,49.69943841736967,0.43831920755465603,49.261119209815014
2025-05-10 09:37:25.769861,22.522510311274477,49.81466963215002,301.03955344920746,49.589858615481006,0.43831920755465603,49.15153940792635
2025-05-10 09:52:25.769864,24.29802001432111,58.32684467516415,322.85156501185804,49.48027881359234,0.5224631354248501,48.95781567816749
2025-05-10 10:07:25.769866,23.881398987203166,51.019315984067525,295.7887581520455,49.37069901170368,0.6066070632950442,48.764091948408634
2025-05-10 10:22:25.769868,23.13131383554638,50.24968251266937,341.75464097990624,49.261119209815014,0.6907509911652383,48.570368218649776
2025-05-10 10:37:25.769870,23.278749315732032,47.781978689151174,348.61216348200975,49.15153940792635,0.7748949190354324,48.37664448889092
2025-05-10 10:52:25.769872,25.044251995738932,52.58545080269741,353.4230447667956,48.95781567816749,0.7748949190354324,48.18292075913206
2025-05-10 11:07:25.769874,23.223461140696177,54.586424880517534,351.85650058661406,48.764091948408634,0.7748949190354324,47.9891970293732
2025-05-10 11:22:25.769877,23.86786313395639,56.215458638303495,322.17340007564815,48.570368218649776,0.7748949190354324,47.79547329961434
2025-05-10 11:37:25.769879,27.254904882120815,59.75653122149742,344.2927746676035,48.37664448889092,0.7748949190354324,47.601749569855485
2025-05-10 11:52:25.769881,21.864476044674117,57.63448961832897,305.07659994182757,48.18292075913206,0.7748949190354324,47.40802584009663
2025-05-10 12:07:25.769883,21.222235902638012,54.0456389022341,390.8968692539675,47.9891970293732,0.7748949190354324,47.21430211033777
2025-05-10 12:22:25.769886,25.17538449719791,54.0090216181014,340.89121781306,47.79547329961434,0.7748949190354324,47.02057838057891
2025-05-10 12:37:25.769888,22.982035408058845,57.550787344575916,335.33341642868925,47.601749569855485,0.7748949190354324,46.82685465082005
2025-05-10 12:52:25.769890,23.52264370838607,61.36285081464285,397.6682098533225,47.40802584009663,0.7748949190354324,46.633130921061195
2025-05-10 13:07:25.769892,22.828265432803327,55.631570997416,312.7326039935231,47.21430211033777,0.7748949190354324,46.43940719130234
2025-05-10 13:22:25.769894,23.61029978884873,52.65434572894795,316.2323865790409,47.02057838057891,0.7748949190354324,46.24568346154348
2025-05-10 13:37:25.769897,26.39780716814451,50.035669994572274,317.11339025394307,46.82685465082005,0.7748949190354324,46.05195973178462
2025-05-10 13:52:25.769899,25.203192687927178,47.77397367793887,347.9638585490155,46.633130921061195,0.7748949190354324,45.85823600202576
2025-05-10 14:07:25.769901,25.293335267830464,58.33134836021762,362.9489488891279,46.43940719130234,0.7748949190354324,45.664512272266904
2025-05-10 14:22:25.769906,21.87565941631103,57.889892618197784,372.190264043535,46.24568346154348,0.7748949190354324,45.470788542508046
2025-05-10 14:37:25.769910,22.273269395170697,57.88681762553331,427.1598595248491,46.05195973178462,0.7748949190354324,45.27706481274919
2025-05-10 14:52:25.769916,19.741382010771858,54.35670276823972,282.5170263739771,45.85823600202576,0.7748949190354324,45.08334108299033
2025-05-10 15:07:25.769920,22.785928768375868,62.03467372945875,368.26206767373253,45.664512272266904,0.7748949190354324,44.88961735323147
2025-05-10 15:22:25.769924,25.435054779578486,52.579407527075915,333.28608282283307,45.470788542508046,0.7748949190354324,44.695893623472614
2025-05-10 15:37:25.769928,24.775419773622556,59.77634618603603,332.4075455333368,45.27706481274919,0.7748949190354324,44.502169893713756
2025-05-10 15:52:25.769932,23.667730105571813,54.80628552505228,331.4068361523837,45.08334108299033,0.7748949190354324,44.3084461639549
2025-05-10 16:07:25.769936,23.96654957442292,51.95824617660331,322.73690987576083,44.88961735323147,0.7748949190354324,44.11472243419604
2025-05-10 16:22:25.769938,22.96667168613689,57.96265153658881,400.5357450381035,44.695893623472614,0.7748949190354324,43.92099870443718
2025-05-10 16:37:25.769940,24.307138323602675,57.04818059341997,375.26891981041706,44.502169893713756,0.7748949190354324,43.72727497467832
2025-05-10 16:52:25.769942,25.148817419220922,56.78486379633463,350.69587935672126,44.3084461639549,0.7748949190354324,43.533551244919465
2025-05-10 17:07:25.769944,21.576169818884292,55.406392110281,390.53047257461003,44.11472243419604,0.7748949190354324,43.33982751516061
2025-05-10 17:22:25.769946,24.44947153175602,54.810534591415845,304.6241310410337,43.92099870443718,0.7748949190354324,43.14610378540175
2025-05-10 17:37:25.769948,25.398652306432002,66.94185996435219,310.07884606007224,43.72727497467832,0.7748949190354324,42.95238005564289
2025-05-10 17:52:25.769950,23.377349566554944,60.921283225980865,284.6609680341594,43.533551244919465,0.7748949190354324,42.75865632588403
2025-05-10 18:07:25.769952,25.051050918180877,58.61413447492756,329.0175637963014,43.33982751516061,0.7748949190354324,42.564932596125175
2025-05-10 18:22:25.769954,28.221981666708828,55.55899579101694,354.85095580114256,43.14610378540175,0.7748949190354324,42.37120886636632
2025-05-10 18:37:25.769956,23.843485810519663,60.03578600298334,353.08575733797,42.95238005564289,0.7748949190354324,42.17748513660746
2025-05-10 18:52:25.769959,24.589960575007986,57.589973881957256,354.4802573317964,42.75865632588403,0.7748949190354324,41.9837614068486
2025-05-10 19:07:25.769961,22.892914374507914,55.131023763870175,307.6682950680175,42.564932596125175,0.7748949190354324,41.79003767708974
2025-05-10 19:22:25.769963,24.271876743903075,53.48217837367042,374.0946422784207,42.37120886636632,0.7748949190354324,41.596313947330884
2025-05-10 19:37:25.769965,24.690407437473457,54.595413311686556,357.1888255471699,42.17748513660746,0.7748949190354324,41.402590217572026
2025-05-10 19:52:25.769967,24.292263510405206,39.147871320609724,371.99162844397995,41.9837614068486,0.7748949190354324,41.20886648781317
2025-05-10 20:07:25.769969,22.470457020436715,56.05300419648821,293.21713467229847,41.79003767708974,0.7748949190354324,41.01514275805431
2025-05-10 20:22:25.769971,24.309542656988175,52.5576195994482,359.3447257639337,41.596313947330884,0.7748949190354324,40.82141902829545
2025-05-10 20:37:25.769973,26.193293908076456,62.96334999141442,314.3670428024742,41.402590217572026,0.7748949190354324,40.627695298536594
2025-05-10 20:52:25.769975,24.67295364677179,55.096720354058775,338.08030242345916,41.20886648781317,0.7748949190354324,40.433971568777736
2025-05-10 21:07:25.769977,25.442980783607762,49.05518290232519,366.0309469590915,41.01514275805431,0.7748949190354324,40.24024783901888
2025-05-10 21:22:25.769979,23.644482044981057,54.75059922935941,352.7328081876774,40.82141902829545,0.7748949190354324,40.04652410926002
2025-05-10 21:37:25.769981,25.124850359135564,49.76939457468748,324.45380060662046,40.627695298536594,-34.372304701463406,75.0
2025-05-10 21:52:25.769983,24.41890175732479,57.36703707856233,350.18819468553255,40.433971568777736,-34.372304701463406,74.80627627024114
2025-05-10 22:07:25.769985,22.57363390546915,56.45473682169742,304.0539405426907,40.24024783901888,-34.372304701463406,74.61255254048228
2025-05-10 22:22:25.769988,24.477781507198312,59.789198155541335,384.5080218769489,40.04652410926002,-34.372304701463406,74.41882881072343
2025-05-10 22:37:25.769990,22.512455004839534,51.045591041527175,343.8414794151125,75.0,0.7748949190354324,74.22510508096457
2025-05-10 22:52:25.769992,23.05067958767281,55.17004048114073,383.55649832765977,74.80627627024114,0.7748949190354324,74.03138135120571
2025-05-10 23:07:25.769994,24.28399246093856,48.174891022866824,334.2040493871187,74.61255254048228,0.7748949190354324,73.83765762144685
2025-05-10 23:22:25.769996,24.445866410070185,58.50747390962357,334.2927203478025,74.41882881072343,0.7748949190354324,73.643933891688
2025-05-10 23:37:25.769998,22.216151302384308,57.59435590220061,327.0743964008646,74.22510508096457,0.7748949190354324,73.45021016192914
2025-05-10 23:52:25.770000,25.580978656774313,57.47902510513785,376.28521795079223,74.03138135120571,0.7748949190354324,73.25648643217028
2025-05-11 00:07:25.770002,24.85800941745071,55.008095156784705,328.71706528014573,73.83765762144685,0.7748949190354324,73.06276270241142
2025-05-11 00:22:25.770004,22.942907346583674,57.073864453943955,369.3378629724553,73.643933891688,0.7748949190354324,72.86903897265256
2025-05-11 00:37:25.770006,21.693622805326235,63.02169554154298,338.5264280699213,73.45021016192914,0.7748949190354324,72.6753152428937
2025-05-11 00:52:25.770009,23.782643131377853,53.57452871478993,290.7211010032514,73.25648643217028,0.7748949190354324,72.48159151313484
2025-05-11 01:07:25.770011,23.33108442920826,55.693225918550425,332.890577966406,73.06276270241142,0.7748949190354324,72.28786778337599
2025-05-11 01:22:25.770013,24.169710685579535,49.56936850409295,314.62675356911456,72.86903897265256,0.7748949190354324,72.09414405361713
2025-05-11 01:37:25.770015,23.45532500826665,50.65869519200834,351.0170817104701,72.6753152428937,0.7748949190354324,71.90042032385827
2025-05-11 01:52:25.770017,20.988814708882487,55.489066465466536,314.2877679297653,72.48159151313484,0.7748949190354324,71.70669659409941
2025-05-11 02:07:25.770019,23.41747959254826,60.519667733509536,377.7792530214385,72.28786778337599,0.7748949190354324,71.51297286434055
2025-05-11 02:22:25.770021,23.54157133339753,53.718595878742136,347.2677241894092,72.09414405361713,0.7748949190354324,71.3192491345817
2025-05-11 02:37:25.770023,24.95049153716109,53.82041735343938,344.6721201572378,71.90042032385827,0.7748949190354324,71.12552540482284
2025-05-11 02:52:25.770025,22.952700488083426,52.96557377747813,369.6767641336275,71.70669659409941,0.7748949190354324,70.93180167506398
2025-05-11 03:07:25.770027,26.51801201005885,52.32621664577839,378.9172080222759,71.51297286434055,0.7748949190354324,70.73807794530512
2025-05-11 03:22:25.770029,21.132539174022366,56.47485727854411,349.3970374469105,71.3192491345817,0.7748949190354324,70.54435421554626
2025-05-11 03:37:25.770031,25.966751246703936,47.51371177410678,326.8639910135213,71.12552540482284,0.7748949190354324,70.3506304857874
2025-05-11 03:52:25.770033,23.663521543682844,61.40469788333364,296.78091151663614,70.93180167506398,0.7748949190354324,70.15690675602855
2025-05-11 04:07:25.770035,25.289377308515334,51.672888509352696,329.4185072889446,70.73807794530512,0.7748949190354324,69.96318302626969
2025-05-11 04:22:25.770037,24.1197022260881,58.60951742719071,331.4836326005611,70.54435421554626,0.7748949190354324,69.76945929651083
2025-05-11 04:37:25.770039,25.709333304038203,48.65000701303062,353.2117235897689,70.3506304857874,0.7748949190354324,69.57573556675197
2025-05-11 04:52:25.770043,23.418957053170782,58.34420065273109,339.6455935658592,70.15690675602855,0.7748949190354324,69.38201183699312
2025-05-11 05:07:25.770045,22.35206936223328,58.359723039072485,370.63798916154286,69.96318302626969,0.7748949190354324,69.18828810723426
2025-05-11 05:22:25.770047,26.130756430906594,56.921010360029484,331.6105018618793,69.76945929651083,0.7748949190354324,68.9945643774754
2025-05-11 05:37:25.770050,23.829779031176788,50.027857391001035,348.28876499441174,69.57573556675197,0.7748949190354324,68.80084064771654
2025-05-11 05:52:25.770052,24.332337710436317,56.24774094799039,385.5196232959067,69.38201183699312,0.7748949190354324,68.60711691795768
2025-05-11 06:07:25.770054,25.852127871067193,49.08471907632806,360.254756418649,69.18828810723426,0.7748949190354324,68.41339318819882
2025-05-11 06:22:25.770056,22.452067136858346,53.73618372451907,348.1988737493431,68.9945643774754,0.7748949190354324,68.21966945843997
2025-05-11 06:37:25.770058,24.893236346458885,60.14706550477663,331.9416667419447,68.80084064771654,0.7748949190354324,68.02594572868111
2025-05-11 06:52:25.770060,23.115157865305665,58.98350963535371,331.0030580985507,68.60711691795768,0.7748949190354324,67.83222199892225
2025-05-11 07:07:25.770062,23.801745966533442,55.075914712702165,324.48160241144154,68.41339318819882,0.7748949190354324,67.63849826916339
2025-05-11 07:22:25.770064,24.108418448076435,50.12596712038579,333.769794026513,68.21966945843997,0.7748949190354324,67.44477453940453
2025-05-11 07:37:25.770066,21.749667207829596,58.22793856087097,372.6699751623294,68.02594572868111,0.7748949190354324,67.25105080964568
2025-05-11 07:52:25.770068,22.831744435769348,55.096906188490124,343.34335186123195,67.83222199892225,0.7748949190354324,67.05732707988682
2025-05-11 08:07:25.770070,26.026609338619707,43.39842200884789,309.5068079185631,67.63849826916339,0.7748949190354324,66.86360335012796
2025-05-11 08:22:25.770073,25.329286782877194,58.91314913158259,403.0450787917935,67.44477453940453,0.7748949190354324,66.6698796203691
2025-05-11 08:37:25.770075,23.90604063400915,54.87883583065154,359.5989557343549,67.25105080964568,0.7748949190354324,66.47615589061024
2025-05-11 08:52:25.770077,24.36468518776934,61.01225623991536,307.7916979846049,67.05732707988682,0.7748949190354324,66.28243216085139
2025-05-11 09:07:25.770079,23.558636241545315,49.52364740578598,336.7445321827753,66.86360335012796,0.7748949190354324,66.08870843109253
2025-05-11 09:22:25.770081,26.034875078741972,39.11648093402,353.32659148485254,66.6698796203691,0.7748949190354324,65.89498470133367
2025-05-11 09:37:25.770083,23.699471133308755,56.39541929172593,401.1377627989213,66.47615589061024,0.7748949190354324,65.70126097157481
2025-05-11 09:52:25.770085,24.34776313820227,56.457818383409865,316.7566262522339,66.28243216085139,0.7330725762312653,65.54935958462012
2025-05-11 10:07:25.770087,25.719045216213097,46.54664186196774,379.2812215806784,66.08870843109253,0.6912502334270982,65.39745819766543
2025-05-11 10:22:25.770089,22.83394277273114,50.10750227066697,391.9845928091703,65.89498470133367,0.6494278906229312,65.24555681071074
2025-05-11 10:37:25.770091,26.33818377674534,68.77608871859951,331.1403708477629,65.70126097157481,0.6076055478187641,65.09365542375605
2025-05-11 10:52:25.770093,21.704307885384935,53.47194692923098,341.674591434193,65.54935958462012,0.6076055478187641,64.94175403680136
2025-05-11 11:07:25.770095,26.444463196669197,58.65479488188108,318.9107225787869,65.39745819766543,0.6076055478187641,64.78985264984667
2025-05-11 11:22:25.770097,23.44098662407204,51.74670086315808,343.89616576759084,65.24555681071074,0.6076055478187641,64.63795126289197
2025-05-11 11:37:25.770100,23.635951878262077,44.54848550573422,348.90230076971204,65.09365542375605,0.6076055478187641,64.48604987593728
2025-05-11 11:52:25.770102,21.164984743225585,54.14870876602047,369.78949994247114,64.94175403680136,0.6076055478187641,64.33414848898259
2025-05-11 12:07:25.770104,23.31780792393346,53.67197719856947,382.7055041306134,64.78985264984667,0.6076055478187641,64.1822471020279
2025-05-11 12:22:25.770106,22.440290203459675,53.00060880665814,327.5571180613506,64.63795126289197,0.6076055478187641,64.03034571507321
2025-05-11 12:37:25.770108,23.08853048193979,54.42679582246804,290.9802480732202,64.48604987593728,0.6076055478187641,63.87844432811852
2025-05-11 12:52:25.770110,23.79403355131668,56.32134135822818,349.36265662171274,64.33414848898259,0.6076055478187641,63.72654294116383
2025-05-11 13:07:25.770112,25.436687421709358,54.249415243730965,358.8061258990592,64.1822471020279,0.6076055478187641,63.57464155420914
2025-05-11 13:22:25.770115,24.31140502710094,48.679969160263184,357.48253063055125,64.03034571507321,0.6076055478187641,63.422740167254446
2025-05-11 13:37:25.770119,24.461514980101672,57.430923957809696,340.19980257472866,63.87844432811852,0.6076055478187641,63.270838780299755
2025-05-11 13:52:25.770123,22.356720916731657,45.253141223387885,353.74256298991804,63.72654294116383,0.6076055478187641,63.118937393345064
2025-05-11 14:07:25.770127,22.678868865595906,44.748212713579,395.46334425056745,63.57464155420914,0.6076055478187641,62.96703600639037
2025-05-11 14:22:25.770131,26.69808752752697,58.69590247350784,361.4520250688753,63.422740167254446,0.6076055478187641,62.81513461943568
2025-05-11 14:37:25.770134,22.89719844785513,57.535101360676784,338.7989472499075,63.270838780299755,0.6076055478187641,62.66323323248099
2025-05-11 14:52:25.770138,26.484312378085942,54.71302317462982,334.9940654871201,63.118937393345064,0.6076055478187641,62.5113318455263
2025-05-11 15:07:25.770142,23.6354082016787,48.02275747622464,344.90442926966807,62.96703600639037,0.6076055478187641,62.35943045857161
2025-05-11 15:22:25.770146,24.003431904215255,51.46044529662962,399.1021988549192,62.81513461943568,0.6076055478187641,62.20752907161692
2025-05-11 15:37:25.770148,25.605547740344896,53.68626626156748,344.50097871421406,62.66323323248099,0.6076055478187641,62.05562768466223
2025-05-11 15:52:25.770150,25.907838632907985,47.020530157129436,349.40616966437875,62.5113318455263,0.6076055478187641,61.903726297707536
2025-05-11 16:07:25.770153,23.83378115958137,51.304856709883836,335.5305928719109,62.35943045857161,0.6076055478187641,61.751824910752845
2025-05-11 16:22:25.770155,23.41763541971769,58.2616516908834,382.96950072325893,62.20752907161692,0.6076055478187641,61.599923523798154
2025-05-11 16:37:25.770157,23.91611932721668,62.13652682144608,408.79511764234024,62.05562768466223,0.6076055478187641,61.44802213684346
2025-05-11 16:52:25.770159,24.50693629234818,52.90282623670725,363.51839148294164,61.903726297707536,0.6076055478187641,61.29612074988877
2025-05-11 17:07:25.770161,25.336955530304632,58.782441771580494,352.4831871135628,61.751824910752845,0.6076055478187641,61.14421936293408
2025-05-11 17:22:25.770163,24.006344788491226,45.42969964706266,351.10348499522706,61.599923523798154,0.6076055478187641,60.99231797597939
2025-05-11 17:37:25.770165,24.92832944703473,58.29725620556806,278.4707963364276,61.44802213684346,0.6076055478187641,60.8404165890247
2025-05-11 17:52:25.770167,26.457539598406413,50.9802579263626,372.35452592854455,61.29612074988877,0.6076055478187641,60.68851520207001
2025-05-11 18:07:25.770170,24.571964418397176,56.53672808353985,354.0249924798753,61.14421936293408,0.6076055478187641,60.53661381511532
2025-05-11 18:22:25.770172,24.46747928400717,53.761237908801455,362.85026151982174,60.99231797597939,0.6076055478187641,60.384712428160626
2025-05-11 18:37:25.770174,21.7216337623649,61.602070048919174,328.65613417748887,60.8404165890247,0.6076055478187641,60.232811041205935
2025-05-11 18:52:25.770176,20.053904794756406,50.627821758300406,338.46629363068723,60.68851520207001,0.6076055478187641,60.08090965425124
2025-05-11 19:07:25.770179,24.58256359384525,58.13803148780916,337.6692519049048,60.53661381511532,0.6076055478187641,59.92900826729655
2025-05-11 19:22:25.770181,23.857763653078692,53.60246268351733,380.64868952219115,60.384712428160626,0.6076055478187641,59.77710688034186
2025-05-11 19:37:25.770183,23.227825987627888,54.208472609951684,338.6372049019072,60.232811041205935,0.6076055478187641,59.62520549338717
2025-05-11 19:52:25.770185,24.365295306279517,54.08073053420395,412.4798096632939,60.08090965425124,0.6076055478187641,59.47330410643248
2025-05-11 20:07:25.770187,23.909394406204637,50.77163447752943,362.92587257045113,59.92900826729655,0.6076055478187641,59.32140271947779
2025-05-11 20:22:25.770189,25.69167037595085,54.92950517046664,311.72952020012804,59.77710688034186,0.6076055478187641,59.1695013325231
2025-05-11 20:37:25.770192,24.129166302388466,54.686758889390894,346.1436112024413,59.62520549338717,0.6076055478187641,59.017599945568406
2025-05-11 20:52:25.770194,22.87961507239475,56.20620124203364,330.4497463353075,59.47330410643248,0.6076055478187641,58.865698558613715
2025-05-11 21:07:25.770196,25.485249358438935,55.422525728464315,284.1685259053993,59.32140271947779,0.6076055478187641,58.713797171659024
2025-05-11 21:22:25.770198,23.674303387580697,58.989972748061184,397.98412820341366,59.1695013325231,0.6076055478187641,58.56189578470433
2025-05-11 21:37:25.770201,24.78980502550846,59.61754308023684,371.0942762666001,59.017599945568406,0.6076055478187641,58.40999439774964
2025-05-11 21:52:25.770203,23.2838839407108,49.746883390860994,365.99621953697937,58.865698558613715,0.6076055478187641,58.25809301079495
2025-05-11 22:07:25.770205,23.025259671753844,59.343862502953854,354.9621098089911,58.713797171659024,0.6076055478187641,58.10619162384026
2025-05-11 22:22:25.770207,24.126252345278544,49.06831786445073,308.53947293922687,58.56189578470433,0.6076055478187641,57.95429023688557
2025-05-11 22:37:25.770209,24.019242965315527,57.93927944068867,335.4914858133369,58.40999439774964,0.6076055478187641,57.80238884993088
2025-05-11 22:52:25.770212,24.71974055305025,58.09869392351435,375.2534232435204,58.25809301079495,0.6076055478187641,57.65048746297619
2025-05-11 23:07:25.770214,23.597031370035385,45.44341554168748,318.4633991065249,58.10619162384026,0.6076055478187641,57.498586076021496
2025-05-11 23:22:25.770216,21.245460324344403,55.46489623264705,274.0469205124756,57.95429023688557,0.6076055478187641,57.346684689066805
2025-05-11 23:37:25.770218,23.350839174617416,52.65751943319842,343.1868197665722,57.80238884993088,0.6076055478187641,57.194783302112114
2025-05-11 23:52:25.770220,25.190727700715723,51.20617371032313,345.74727337917386,57.65048746297619,0.6076055478187641,57.04288191515742
2025-05-12 00:07:25.770223,23.55393588113534,61.75426165349503,354.0669024924413,57.498586076021496,0.6076055478187641,56.89098052820273
2025-05-12 00:22:25.770225,23.630424896228178,51.731604296812904,371.8555593054361,57.346684689066805,0.6076055478187641,56.73907914124804
2025-05-12 00:37:25.770227,25.479564758858906,50.96811535440975,369.12817436693626,57.194783302112114,0.6076055478187641,56.58717775429335
2025-05-12 00:52:25.770229,22.932040159111615,55.378474700025464,357.76309415731765,57.04288191515742,0.6076055478187641,56.43527636733866
2025-05-12 01:07:25.770231,21.68579517263565,58.42794873149208,385.8659416426013,56.89098052820273,0.6076055478187641,56.28337498038397
2025-05-12 01:22:25.770234,23.759053320711757,54.29175706994936,304.43090657560055,56.73907914124804,0.6076055478187641,56.13147359342928
2025-05-12 01:37:25.770236,23.273739073126894,60.83185272834626,365.1374544343217,56.58717775429335,0.6076055478187641,55.979572206474586
2025-05-12 01:52:25.770238,22.55063052037012,57.654878309820454,368.7961509001083,56.43527636733866,0.6076055478187641,55.827670819519895
2025-05-12 02:07:25.770240,23.736932316151965,44.10894340134285,312.8131314175928,56.28337498038397,0.6076055478187641,55.675769432565204
2025-05-12 02:22:25.770242,24.737258470870174,52.35266518246496,304.91388173952834,56.13147359342928,0.6076055478187641,55.52386804561051
2025-05-12 02:37:25.770245,23.986067157648275,52.190789503241504,327.62173620573196,55.979572206474586,0.6076055478187641,55.37196665865582
2025-05-12 02:52:25.770247,24.460471609029355,57.39680476714711,330.15375672454127,55.827670819519895,0.6076055478187641,55.22006527170113
2025-05-12 03:07:25.770249,26.720111547773136,41.87591471812944,372.60258390507295,55.675769432565204,0.6076055478187641,55.06816388474644
2025-05-12 03:22:25.770251,23.485681707663655,67.74504854358861,331.56383648926715,55.52386804561051,0.6076055478187641,54.91626249779175
2025-05-12 03:37:25.770253,24.417522951967005,57.65513047447105,324.30954445156385,55.37196665865582,0.6076055478187641,54.76436111083706
2025-05-12 03:52:25.770256,23.2361799561013,55.74438401958845,331.6509878991632,55.22006527170113,0.6076055478187641,54.61245972388237
2025-05-12 04:07:25.770258,22.73046042016954,60.907838582095735,383.5589700246263,55.06816388474644,0.6076055478187641,54.460558336927676
2025-05-12 04:22:25.770260,23.122638519873345,66.71827026406312,350.39130123130855,54.91626249779175,0.6076055478187641,54.308656949972985
2025-05-12 04:37:25.770262,23.28186214271747,59.35373322294202,344.6224692392926,54.76436111083706,0.6076055478187641,54.156755563018294
2025-05-12 04:52:25.770266,24.539213696320687,59.7440654823581,346.69983503896844,54.61245972388237,0.6076055478187641,54.0048541760636
2025-05-12 05:07:25.770270,27.523613680051135,55.653450122321914,388.7618100297957,54.460558336927676,0.6076055478187641,53.85295278910891
2025-05-12 05:22:25.770276,22.92593484558624,54.292371233165255,327.5248482019027,54.308656949972985,0.6076055478187641,53.70105140215422
2025-05-12 05:37:25.770279,23.375062041576808,52.6210227799755,389.4652487282031,54.156755563018294,0.6076055478187641,53.54915001519953
2025-05-12 05:52:25.770283,23.905315480333126,50.86944004142729,356.3148889676451,54.0048541760636,0.6076055478187641,53.39724862824484
2025-05-12 06:07:25.770287,24.59369827306462,51.56492950150251,345.18741854073954,53.85295278910891,0.6076055478187641,53.24534724129015
2025-05-12 06:22:25.770291,24.395326217932176,48.24722017828508,425.02701493802846,53.70105140215422,0.6076055478187641,53.09344585433546
2025-05-12 06:37:25.770295,25.926143690922174,54.62064274657488,318.3308153060421,53.54915001519953,0.6076055478187641,52.941544467380766
2025-05-12 06:52:25.770300,20.36041189419719,46.57666211386807,339.3894272129898,53.39724862824484,0.6076055478187641,52.789643080426075
2025-05-12 07:07:25.770302,20.41960519470649,55.954582620718554,313.02706282508,53.24534724129015,0.6076055478187641,52.63774169347138
2025-05-12 07:22:25.770304,23.256182741984777,54.81834695978829,378.5738591160851,53.09344585433546,0.6076055478187641,52.48584030651669
2025-05-12 07:37:25.770306,25.645950281315564,55.73467649193344,400.67566800955035,52.941544467380766,0.6076055478187641,52.333938919562
2025-05-12 07:52:25.770308,21.651527952591607,52.38934214990004,400.09768344213916,52.789643080426075,0.6076055478187641,52.18203753260731
2025-05-12 08:07:25.770310,19.488551490459365,70.38430185090252,386.7184625943801,52.63774169347138,0.6076055478187641,52.03013614565262
2025-05-12 08:22:25.770312,24.856769109328813,61.80057950090156,344.07138596612106,52.48584030651669,0.6076055478187641,51.87823475869793
2025-05-12 08:37:25.770314,24.36548583555407,48.77728749957639,339.0427706753046,52.333938919562,0.6076055478187641,51.72633337174324
2025-05-12 08:52:25.770316,22.364687389800856,56.16434043713449,299.864906825178,52.18203753260731,0.6076055478187641,51.574431984788546
2025-05-12 09:07:25.770318,22.521690598918607,51.959969285313385,411.0762060554538,52.03013614565262,0.6076055478187641,51.422530597833855
2025-05-12 09:22:25.770320,22.54538442054799,49.92760136646293,364.069342344454,51.87823475869793,0.6076055478187641,51.270629210879164
2025-05-12 09:37:25.770322,24.16580297621091,48.29963964438033,335.2412928539155,51.72633337174324,0.6076055478187641,51.11872782392447
2025-05-12 09:52:25.770324,23.06052708572549,57.161083453796266,389.84170666960904,51.574431984788546,0.5872058360407593,50.98722614874779
2025-05-12 10:07:25.770327,24.74109587846328,51.59309882465213,320.81706449719996,51.422530597833855,0.5668061242627545,50.8557244735711
2025-05-12 10:22:25.770329,19.718060005643412,59.83913012012602,362.1986610266802,51.270629210879164,0.5464064124847496,50.724222798394415
2025-05-12 10:37:25.770331,22.7147222023083,59.9689110726522,344.82112597127497,51.11872782392447,0.5260067007067448,50.59272112321773
2025-05-12 10:52:25.770333,22.310919058633424,61.86957192605725,369.16031419640905,50.98722614874779,0.5260067007067448,50.46121944804104
2025-05-12 11:07:25.770335,23.615488982441263,50.738066169629484,348.09279382441633,50.8557244735711,0.5260067007067448,50.329717772864356
2025-05-12 11:22:25.770338,23.19292836226479,57.37682805346005,306.4721632666633,50.724222798394415,0.5260067007067448,50.19821609768767
2025-05-12 11:37:25.770340,25.19676566984365,58.16227108321151,352.26729118010115,50.59272112321773,0.5260067007067448,50.066714422510984
2025-05-12 11:52:25.770342,21.210994842509912,52.62910912448017,381.46592425626085,50.46121944804104,0.5260067007067448,49.9352127473343
2025-05-12 12:07:25.770344,24.06823721449613,51.14114021303563,349.12350782438045,50.329717772864356,0.5260067007067448,49.80371107215761
2025-05-12 12:22:25.770346,24.83750463481756,63.047603328879866,373.2534536476726,50.19821609768767,0.5260067007067448,49.672209396980925
2025-05-12 12:37:25.770348,26.784971154842932,56.13747937866027,318.6341154297784,50.066714422510984,0.5260067007067448,49.54070772180424
2025-05-12 12:52:25.770351,23.277351043359786,58.17983875355869,349.2121762019044,49.9352127473343,0.5260067007067448,49.40920604662755
2025-05-12 13:07:25.770353,24.486687906528775,50.889619940860364,331.26468634734266,49.80371107215761,0.5260067007067448,49.27770437145087
2025-05-12 13:22:25.770355,21.294205811156452,48.90357766738903,372.40942520314127,49.672209396980925,0.5260067007067448,49.14620269627418
2025-05-12 13:37:25.770357,20.412065693530465,52.152751127539446,350.94474686785986,49.54070772180424,0.5260067007067448,49.014701021097494
2025-05-12 13:52:25.770359,25.26716156367255,54.37989306305001,370.7022102900984,49.40920604662755,0.5260067007067448,48.88319934592081
2025-05-12 14:07:25.770361,23.991659559527893,49.67889996591325,382.631312784736,49.27770437145087,0.5260067007067448,48.75169767074412
2025-05-12 14:22:25.770364,25.767769034697633,54.95077595674808,370.74855725364165,49.14620269627418,0.5260067007067448,48.620195995567435
2025-05-12 14:37:25.770366,21.939895666545375,46.5574740596575,358.19355302880933,49.014701021097494,0.5260067007067448,48.48869432039075
2025-05-12 14:52:25.770369,24.77985320929313,49.39976288765064,320.0536322446578,48.88319934592081,0.5260067007067448,48.35719264521406
2025-05-12 15:07:25.770371,26.80322676081578,58.35455624138437,349.91641667999295,48.75169767074412,0.5260067007067448,48.22569097003738
2025-05-12 15:22:25.770373,24.6295584125359,58.01895260138947,334.007287939525,48.620195995567435,0.5260067007067448,48.09418929486069
2025-05-12 15:37:25.770375,24.414872258386573,53.040616173065665,339.6780812988732,48.48869432039075,0.5260067007067448,47.962687619684004
2025-05-12 15:52:25.770377,24.012834121236526,49.91117845461523,338.76397547749247,48.35719264521406,0.5260067007067448,47.83118594450732
2025-05-12 16:07:25.770379,21.643677814311133,49.862982242369945,320.60223275653266,48.22569097003738,0.5260067007067448,47.69968426933063
2025-05-12 16:22:25.770381,26.033359403565523,53.13365877029343,291.2798423259803,48.09418929486069,0.5260067007067448,47.568182594153946
2025-05-12 16:37:25.770383,23.0837135402924,58.22259245822646,329.955708550167,47.962687619684004,0.5260067007067448,47.43668091897726
2025-05-12 16:52:25.770385,24.756724884574524,59.64122845672162,355.80138355772476,47.83118594450732,0.5260067007067448,47.30517924380057
2025-05-12 17:07:25.770387,21.65544854014312,52.517341322590156,309.5546886371753,47.69968426933063,0.5260067007067448,47.17367756862389
2025-05-12 17:22:25.770390,22.23081050323833,49.23253787007608,350.4704670941487,47.568182594153946,0.5260067007067448,47.0421758934472
2025-05-12 17:37:25.770392,26.152631098833353,56.33921818933167,407.00805272932894,47.43668091897726,0.5260067007067448,46.910674218270515
2025-05-12 17:52:25.770394,23.479046566563234,50.882325146870755,380.69169665756715,47.30517924380057,0.5260067007067448,46.77917254309383
2025-05-12 18:07:25.770396,26.179913214063816,52.40873680569399,399.3062452736159,47.17367756862389,0.5260067007067448,46.64767086791714
2025-05-12 18:22:25.770398,23.882654011412225,61.62638045218519,361.7338363079818,47.0421758934472,0.5260067007067448,46.516169192740456
2025-05-12 18:37:25.770400,21.237153340563214,59.135577142828836,385.02529468959335,46.910674218270515,0.5260067007067448,46.38466751756377
2025-05-12 18:52:25.770402,25.33810139959758,55.78987156125726,328.2810580859664,46.77917254309383,0.5260067007067448,46.253165842387084
2025-05-12 19:07:25.770404,23.115161523366588,48.64040499443639,330.66979198934047,46.64767086791714,0.5260067007067448,46.1216641672104
2025-05-12 19:22:25.770407,25.048033220275563,56.056982837353296,267.82579381587584,46.516169192740456,0.5260067007067448,45.99016249203371
2025-05-12 19:37:25.770409,24.037816301310123,60.313286453937636,385.58436422126897,46.38466751756377,0.5260067007067448,45.858660816857025
2025-05-12 19:52:25.770411,21.685322658085695,53.12183167117232,396.20971939459656,46.253165842387084,0.5260067007067448,45.72715914168034
2025-05-12 20:07:25.770413,24.246442148055852,61.75557044993357,333.4046826395819,46.1216641672104,0.5260067007067448,45.59565746650365
2025-05-12 20:22:25.770415,27.294334713229198,61.463726447591036,342.38144880808295,45.99016249203371,0.5260067007067448,45.46415579132697
2025-05-12 20:37:25.770417,24.739479687771688,63.31866416071737,327.3841365892712,45.858660816857025,0.5260067007067448,45.33265411615028
2025-05-12 20:52:25.770420,23.913723370491805,56.526215632656765,361.4796065443247,45.72715914168034,0.5260067007067448,45.201152440973594
2025-05-12 21:07:25.770422,25.613015102935346,57.93695849903006,383.7479763590972,45.59565746650365,0.5260067007067448,45.06965076579691
2025-05-12 21:22:25.770424,24.316002697804667,62.07093644165545,297.7168407835688,45.46415579132697,0.5260067007067448,44.93814909062022
2025-05-12 21:37:25.770426,24.314301345394192,57.236969685344874,362.2831559192676,45.33265411615028,0.5260067007067448,44.806647415443535
2025-05-12 21:52:25.770429,22.362562241761346,52.49382946104894,341.69984684842564,45.201152440973594,0.5260067007067448,44.67514574026685
2025-05-12 22:07:25.770431,24.350772038684397,52.757285817360696,353.4018317590007,45.06965076579691,0.5260067007067448,44.54364406509016
2025-05-12 22:22:25.770433,25.553165124625416,56.192774768868695,363.7698200502287,44.93814909062022,0.5260067007067448,44.41214238991348
2025-05-12 22:37:25.770435,22.745906771849963,48.5471928902689,344.3539268368154,44.806647415443535,0.5260067007067448,44.28064071473679
2025-05-12 22:52:25.770437,26.13674373187042,54.283705423179036,346.8923943978266,44.67514574026685,0.5260067007067448,44.149139039560104
2025-05-12 23:07:25.770439,23.862440963782312,60.48273559115127,343.5837449733608,44.54364406509016,0.5260067007067448,44.01763736438342
2025-05-12 23:22:25.770442,22.668345732692188,44.043730744173594,379.1094860536484,44.41214238991348,0.5260067007067448,43.88613568920673
2025-05-12 23:37:25.770444,25.496448115380367,62.672410508972575,362.5627988038249,44.28064071473679,0.5260067007067448,43.754634014030046
2025-05-12 23:52:25.770446,23.569808646392595,60.611871093515795,356.6175061321208,44.149139039560104,0.5260067007067448,43.62313233885336
2025-05-13 00:07:25.770448,25.13927233122916,52.701176920847615,311.8714483672315,44.01763736438342,0.5260067007067448,43.49163066367667
2025-05-13 00:22:25.770450,23.562362051612194,57.716954139359046,338.6426077036054,43.88613568920673,0.5260067007067448,43.36012898849999
2025-05-13 00:37:25.770452,23.910260784705144,55.01573863453163,376.96007481017523,43.754634014030046,0.5260067007067448,43.2286273133233
2025-05-13 00:52:25.770455,24.740340306501437,61.14995184219342,351.1308971937177,43.62313233885336,0.5260067007067448,43.097125638146615
2025-05-13 01:07:25.770457,24.43634558638501,59.91341571384971,369.7859440876741,43.49163066367667,0.5260067007067448,42.96562396296993
2025-05-13 01:22:25.770459,21.006702329322394,47.999646384084954,402.995354009829,43.36012898849999,0.5260067007067448,42.83412228779324
2025-05-13 01:37:25.770461,22.31813438985841,57.936312067320884,381.1581820762645,43.2286273133233,0.5260067007067448,42.702620612616556
2025-05-13 01:52:25.770464,25.394114977186224,53.971860731783764,352.79475013099227,43.097125638146615,0.5260067007067448,42.57111893743987
2025-05-13 02:07:25.770468,23.80179511664768,55.4141628525905,334.6703248941282,42.96562396296993,0.5260067007067448,42.439617262263184
2025-05-13 02:22:25.770472,23.214403045842868,51.359140495150925,273.3935121183231,42.83412228779324,0.5260067007067448,42.3081155870865
2025-05-13 02:37:25.770476,21.96213897711379,63.74068534560418,344.9484523258144,42.702620612616556,0.5260067007067448,42.17661391190981
2025-05-13 02:52:25.770480,22.380395518086228,60.20030909951288,340.21962512549453,42.57111893743987,0.5260067007067448,42.045112236733125
2025-05-13 03:07:25.770484,20.967302040057078,51.30114418013516,361.71098583186125,42.439617262263184,0.5260067007067448,41.91361056155644
2025-05-13 03:22:25.770487,23.8480789219477,48.32694696544884,345.3828431907594,42.3081155870865,0.5260067007067448,41.78210888637975
2025-05-13 03:37:25.770488,23.10234362912843,53.07163684511076,340.38844821689617,42.17661391190981,0.5260067007067448,41.65060721120307
2025-05-13 03:52:25.770491,22.55011816352203,57.17251323045653,296.6180320847834,42.045112236733125,0.5260067007067448,41.51910553602638
2025-05-13 04:07:25.770493,23.89781486224807,56.20102921973111,321.800965125498,41.91361056155644,0.5260067007067448,41.387603860849694
2025-05-13 04:22:25.770495,24.545955946279108,61.26566412384122,364.29953122401673,41.78210888637975,0.5260067007067448,41.25610218567301
2025-05-13 04:37:25.770497,27.139796898314916,58.94959861090426,401.4772289339808,41.65060721120307,0.5260067007067448,41.12460051049632
2025-05-13 04:52:25.770499,21.73217487065518,59.84784512876453,347.0742384876313,41.51910553602638,0.5260067007067448,40.993098835319635
2025-05-13 05:07:25.770501,25.739071564950784,56.63427700305218,359.8343322072237,41.387603860849694,0.5260067007067448,40.86159716014295
2025-05-13 05:22:25.770503,25.45965234152261,48.05350634894505,378.57434470858414,41.25610218567301,0.5260067007067448,40.73009548496626
2025-05-13 05:37:25.770505,22.83136089093495,54.021507344265494,325.6731819139925,41.12460051049632,0.5260067007067448,40.59859380978958
2025-05-13 05:52:25.770507,24.304853931879048,60.300448699543324,361.0044212985633,40.993098835319635,0.5260067007067448,40.46709213461289
2025-05-13 06:07:25.770509,23.313550125993576,54.74238535737677,327.7852968100352,40.86159716014295,0.5260067007067448,40.335590459436204
2025-05-13 06:22:25.770511,24.27853287062811,57.51545184311873,375.94473315473033,40.73009548496626,0.5260067007067448,40.20408878425952
2025-05-13 06:37:25.770513,26.263696520106826,53.40625842376934,354.542091438552,40.59859380978958,0.5260067007067448,40.07258710908283
2025-05-13 06:52:25.770515,24.908409348946968,49.85094075729077,358.9535544194432,40.46709213461289,-34.53290786538711,75.0
2025-05-13 07:07:25.770518,24.762912559850164,54.383279679769444,326.52204207744234,40.335590459436204,-34.5329078653871,74.8684983248233
2025-05-13 07:22:25.770520,23.354536020068036,56.54523721516327,371.21097078832355,40.20408878425952,-34.532907865387095,74.73699664964661
2025-05-13 07:37:25.770522,21.773915002613496,51.721561402692785,412.5413876369305,40.07258710908283,-34.53290786538709,74.60549497446992
2025-05-13 07:52:25.770524,23.68729768418939,53.82144377571666,319.7626491371538,75.0,0.5260067007067732,74.47399329929323
2025-05-13 08:07:25.770526,25.809912232295872,50.302683790070084,339.8072297705743,74.8684983248233,0.5260067007067732,74.34249162411653
2025-05-13 08:22:25.770529,21.70924821511553,60.59622458782048,356.94822422504274,74.73699664964661,0.5260067007067732,74.21098994893984
2025-05-13 08:37:25.770531,22.417365947734957,53.52772121205983,373.5921863598745,74.60549497446992,0.5260067007067732,74.07948827376315
2025-05-13 08:52:25.770535,24.1894016043511,62.263777725630916,333.21361144131595,74.47399329929323,0.5260067007067732,73.94798659858645
2025-05-13 09:07:25.770539,22.523017822729106,62.64373925270454,265.0090912957178,74.34249162411653,0.5260067007067732,73.81648492340976
2025-05-13 09:22:25.770542,22.81121482932718,54.59477017639128,390.77568482492075,74.21098994893984,0.5260067007067732,73.68498324823307
